"게시물 ID","계정 ID","계정 사용자 이름","계정 이름",설명,기간(초),"게시 시간","고유 링크","게시물 유형","데이터 댓글",날짜,조회,도달,좋아요,공유,팔로우,댓글,저장
18046065233741091,17841472125718289,questers_adventure,"퀘스터즈 | 일러스트 | 호기심 탐험대 | 여행 | 모험","✈️ 장시간 비행! ✈️ 
어느 자리에 앉을까?

번호를 고르고 다음장으로 넘겨 내가 얻게 될 행운도 확인해보쟈!

#퀘스터즈 #QUESCTORS #questers #파이 #퍼지 #매티 #로지 #좌석 #비행기 #행운 #비행기좌석고르기 #밸런스 #짤 #심리테스트 #캐릭터",0,"03/25/2026 22:36",https://www.instagram.com/p/DWVg2XxEbQY/,"Instagram 슬라이드",,"전체 기간",8,3,2,0,0,0,0
17981095484993095,17841472125718289,questers_adventure,"퀘스터즈 | 일러스트 | 호기심 탐험대 | 여행 | 모험","따스한 햇살이 내려앉은 초록빛 잔디밭에서... 🌱

우리 퀘스터즈(QUESCTORS) 친구들도 따뜻한 봄볕을 맞으며 작은 소풍을 나왔답니다. 🌸
크고 하얀 든든한 로지는 노란 스카프를 멋지게 두르고 햇살 아래 낮잠 중! 
오랜만에 사고안치고 조용하게 잠든 친구들을 흐뭇하게 바라보는 매티와 바나나가 가득한 꿈나라에 빠진 캡틴 파이와 사고뭉치 퍼지가 몸을 웅크리고 코오- 자고 있네요. 🍯🥕
사과 바구니와 향긋한 꽃들, 그리고 작은 곤충들까지... 이 완벽한 봄날의 피크닉!

모두의 가슴속에 따뜻한 봄바람이 불어오길 바랍니다. 💖
퀘스터즈와 함께 더 많은 모험을 떠나요! 
.
.
.
#퀘스터즈 #QUESCTORS #questers #봄이오고있어요 #봄 #springiscoming #피크닉 #봄소풍 #귀여운캐릭터 #캐릭터덕후 #힐링 #햇살맛집 #자연 #꽃스타그램 #소확행 #일상 #데일리 #봄맞이",0,"03/24/2026 21:20",https://www.instagram.com/p/DWSzZLFEQrx/,"Instagram 이미지",,"전체 기간",17,3,1,0,0,0,0
18099572578993511,17841472125718289,questers_adventure,"퀘스터즈 | 일러스트 | 호기심 탐험대 | 여행 | 모험","퀘스터즈 입단테스트 — 로지의 '이'표정을 3초 안에 찾아라! (관찰력 편)

매티와 파이는 3초만에 찾았다는데! 퍼지는... 다른 것에 정신팔려 아직도 못 찾았다는 썰이..

✨정답은 댓글에!🔥",12,"04/02/2026 00:13",https://www.instagram.com/reel/DWntb3IkRjX/,"Instagram 릴스",,"전체 기간",129,122,1,0,0,2,0
18328534699219297,17841472125718289,questers_adventure,"퀘스터즈 | 일러스트 | 호기심 탐험대 | 여행 | 모험","🎁 봄 선물이 도착!

퀘스터즈 대원 여러분, 안녕!

 '퀘스터즈 친구들의 벚꽃 나들이' 봄 테마 PC배경화면을 들고왔어요! 와이드 모니터를 사용하는 대원들을 위해 추가로 끼려왔답니다!

​
🎁 지금 바로 프로필 링크의 무료굿즈 링크를 타고 ""네이버카페>퀘스터즈 디지털 굿즈>배경화면/일러스트""에서 받아 가세요!

여러분의 소중한 PC에 적용된 퀘스터즈의 모습이 너무 궁금해요! 댓글로 ""다운 완료!"" 한마디만 남겨주셔도 제작자는 행복해서 춤을 춥니다..💃

예쁘게 사용해 주시고, 다음에 보고 싶은 굿즈가 있다면 언제든 댓글로 알려주세요! 퀘-바! (퀘스터즈 바이라는 뜻)",14,"03/30/2026 03:49",https://www.instagram.com/reel/DWgX2oSEePb/,"Instagram 릴스",,"전체 기간",120,115,1,0,0,2,0
18121406746549157,17841472125718289,questers_adventure,"퀘스터즈 | 일러스트 | 호기심 탐험대 | 여행 | 모험","🎁 봄 선물이 도착!

퀘스터즈 대원 여러분, 안녕! 

몽글몽글 아련아련~ '퀘스터즈 친구들의 벚꽃 나들이' 봄 테마 폰배경을 들고왔어요! 

​
🎁 지금 바로 프로필 링크의 무료굿즈 링크를 타고 ""네이버카페>퀘스터즈 디지털 굿즈>배경화면/일러스트""에서 받아 가세요!

여러분의 소중한 휴대폰에 적용된 퀘스터즈의 모습이 너무 궁금해요! 댓글로 ""다운 완료!"" 한마디만 남겨주셔도 제작자는 행복해서 춤을 춥니다..💃

예쁘게 사용해 주시고, 다음에 보고 싶은 굿즈가 있다면 언제든 댓글로 알려주세요! 퀘-바! (퀘스터즈 바이라는 뜻)",0,"03/30/2026 03:29",https://www.instagram.com/p/DWgVmz3kXYk/,"Instagram 슬라이드",,"전체 기간",9,3,1,0,0,2,0
17985648776969086,17841472125718289,questers_adventure,"퀘스터즈 | 일러스트 | 호기심 탐험대 | 여행 | 모험","🐰퍼지 얹기 1단계🐰
타이밍 맞추기 도전 해보쉴?",4,"03/27/2026 00:57",https://www.instagram.com/reel/DWYVyCUjOze/,"Instagram 릴스",,"전체 기간",132,104,2,0,0,0,0
17994772775760257,17841472125718289,questers_adventure,"퀘스터즈 | 일러스트 | 호기심 탐험대 | 여행 | 모험","아니 로지야 🌸 거기 말고!
조금만 더 높게 들어줘
왼쪽으로도 쪼금만 더!",0,"03/26/2026 01:42",https://www.instagram.com/p/DWV2JICD6Rm/,"Instagram 슬라이드",,"전체 기간",10,3,1,0,0,2,0
18083064404057574,17841472125718289,questers_adventure,"퀘스터즈 | 일러스트 | 호기심 탐험대 | 여행 | 모험","비밀의 숲에 다녀왔어요 🌷

쉿, 여기 온 건 우리만의 비밀이에요

오늘의 모험 기록은 아직 열람 불가예요

숲에서 있었던 이야기는 다음에 살짝 풀어볼게요",0,"03/26/2026 01:15",https://www.instagram.com/p/DWVzDZUDyZK/,"Instagram 이미지",,"전체 기간",7,2,1,0,0,2,0
