날짜,콘텐츠,동영상 제목,동영상 게시 시간,길이,평균 시청 지속 시간
2025-09-21,ALG9GX6v7hI,놀러가자🎵 | 키즈 인기 동요 | 상상력 풍부해지는 창작동요 | 어린이 애니메이션 | 퀘스터즈 Questerz,"Mar 19, 2026",47,0:00:00
2025-09-22,ALG9GX6v7hI,놀러가자🎵 | 키즈 인기 동요 | 상상력 풍부해지는 창작동요 | 어린이 애니메이션 | 퀘스터즈 Questerz,"Mar 19, 2026",47,0:00:00
2025-09-23,ALG9GX6v7hI,놀러가자🎵 | 키즈 인기 동요 | 상상력 풍부해지는 창작동요 | 어린이 애니메이션 | 퀘스터즈 Questerz,"Mar 19, 2026",47,0:00:00
2025-09-24,ALG9GX6v7hI,놀러가자🎵 | 키즈 인기 동요 | 상상력 풍부해지는 창작동요 | 어린이 애니메이션 | 퀘스터즈 Questerz,"Mar 19, 2026",47,0:00:00
2025-09-25,ALG9GX6v7hI,놀러가자🎵 | 키즈 인기 동요 | 상상력 풍부해지는 창작동요 | 어린이 애니메이션 | 퀘스터즈 Questerz,"Mar 19, 2026",47,0:00:00
2025-09-26,ALG9GX6v7hI,놀러가자🎵 | 키즈 인기 동요 | 상상력 풍부해지는 창작동요 | 어린이 애니메이션 | 퀘스터즈 Questerz,"Mar 19, 2026",47,0:00:00
2025-09-27,ALG9GX6v7hI,놀러가자🎵 | 키즈 인기 동요 | 상상력 풍부해지는 창작동요 | 어린이 애니메이션 | 퀘스터즈 Questerz,"Mar 19, 2026",47,0:00:00
2025-09-28,ALG9GX6v7hI,놀러가자🎵 | 키즈 인기 동요 | 상상력 풍부해지는 창작동요 | 어린이 애니메이션 | 퀘스터즈 Questerz,"Mar 19, 2026",47,0:00:00
2025-09-29,ALG9GX6v7hI,놀러가자🎵 | 키즈 인기 동요 | 상상력 풍부해지는 창작동요 | 어린이 애니메이션 | 퀘스터즈 Questerz,"Mar 19, 2026",47,0:00:00
2025-09-30,ALG9GX6v7hI,놀러가자🎵 | 키즈 인기 동요 | 상상력 풍부해지는 창작동요 | 어린이 애니메이션 | 퀘스터즈 Questerz,"Mar 19, 2026",47,0:00:00
2025-10-01,ALG9GX6v7hI,놀러가자🎵 | 키즈 인기 동요 | 상상력 풍부해지는 창작동요 | 어린이 애니메이션 | 퀘스터즈 Questerz,"Mar 19, 2026",47,0:00:00
2025-10-02,ALG9GX6v7hI,놀러가자🎵 | 키즈 인기 동요 | 상상력 풍부해지는 창작동요 | 어린이 애니메이션 | 퀘스터즈 Questerz,"Mar 19, 2026",47,0:00:00
2025-10-03,ALG9GX6v7hI,놀러가자🎵 | 키즈 인기 동요 | 상상력 풍부해지는 창작동요 | 어린이 애니메이션 | 퀘스터즈 Questerz,"Mar 19, 2026",47,0:00:00
2025-10-04,ALG9GX6v7hI,놀러가자🎵 | 키즈 인기 동요 | 상상력 풍부해지는 창작동요 | 어린이 애니메이션 | 퀘스터즈 Questerz,"Mar 19, 2026",47,0:00:00
2025-10-05,ALG9GX6v7hI,놀러가자🎵 | 키즈 인기 동요 | 상상력 풍부해지는 창작동요 | 어린이 애니메이션 | 퀘스터즈 Questerz,"Mar 19, 2026",47,0:00:00
2025-10-06,ALG9GX6v7hI,놀러가자🎵 | 키즈 인기 동요 | 상상력 풍부해지는 창작동요 | 어린이 애니메이션 | 퀘스터즈 Questerz,"Mar 19, 2026",47,0:00:00
2025-10-07,ALG9GX6v7hI,놀러가자🎵 | 키즈 인기 동요 | 상상력 풍부해지는 창작동요 | 어린이 애니메이션 | 퀘스터즈 Questerz,"Mar 19, 2026",47,0:00:00
2025-10-08,ALG9GX6v7hI,놀러가자🎵 | 키즈 인기 동요 | 상상력 풍부해지는 창작동요 | 어린이 애니메이션 | 퀘스터즈 Questerz,"Mar 19, 2026",47,0:00:00
2025-10-09,ALG9GX6v7hI,놀러가자🎵 | 키즈 인기 동요 | 상상력 풍부해지는 창작동요 | 어린이 애니메이션 | 퀘스터즈 Questerz,"Mar 19, 2026",47,0:00:00
2025-10-10,ALG9GX6v7hI,놀러가자🎵 | 키즈 인기 동요 | 상상력 풍부해지는 창작동요 | 어린이 애니메이션 | 퀘스터즈 Questerz,"Mar 19, 2026",47,0:00:00
2025-10-11,ALG9GX6v7hI,놀러가자🎵 | 키즈 인기 동요 | 상상력 풍부해지는 창작동요 | 어린이 애니메이션 | 퀘스터즈 Questerz,"Mar 19, 2026",47,0:00:00
2025-10-12,ALG9GX6v7hI,놀러가자🎵 | 키즈 인기 동요 | 상상력 풍부해지는 창작동요 | 어린이 애니메이션 | 퀘스터즈 Questerz,"Mar 19, 2026",47,0:00:00
2025-10-13,ALG9GX6v7hI,놀러가자🎵 | 키즈 인기 동요 | 상상력 풍부해지는 창작동요 | 어린이 애니메이션 | 퀘스터즈 Questerz,"Mar 19, 2026",47,0:00:00
2025-10-14,ALG9GX6v7hI,놀러가자🎵 | 키즈 인기 동요 | 상상력 풍부해지는 창작동요 | 어린이 애니메이션 | 퀘스터즈 Questerz,"Mar 19, 2026",47,0:00:00
2025-10-15,ALG9GX6v7hI,놀러가자🎵 | 키즈 인기 동요 | 상상력 풍부해지는 창작동요 | 어린이 애니메이션 | 퀘스터즈 Questerz,"Mar 19, 2026",47,0:00:00
2025-10-16,ALG9GX6v7hI,놀러가자🎵 | 키즈 인기 동요 | 상상력 풍부해지는 창작동요 | 어린이 애니메이션 | 퀘스터즈 Questerz,"Mar 19, 2026",47,0:00:00
2025-10-17,ALG9GX6v7hI,놀러가자🎵 | 키즈 인기 동요 | 상상력 풍부해지는 창작동요 | 어린이 애니메이션 | 퀘스터즈 Questerz,"Mar 19, 2026",47,0:00:00
2025-10-18,ALG9GX6v7hI,놀러가자🎵 | 키즈 인기 동요 | 상상력 풍부해지는 창작동요 | 어린이 애니메이션 | 퀘스터즈 Questerz,"Mar 19, 2026",47,0:00:00
2025-10-19,ALG9GX6v7hI,놀러가자🎵 | 키즈 인기 동요 | 상상력 풍부해지는 창작동요 | 어린이 애니메이션 | 퀘스터즈 Questerz,"Mar 19, 2026",47,0:00:00
2025-10-20,ALG9GX6v7hI,놀러가자🎵 | 키즈 인기 동요 | 상상력 풍부해지는 창작동요 | 어린이 애니메이션 | 퀘스터즈 Questerz,"Mar 19, 2026",47,0:00:00
2025-10-21,ALG9GX6v7hI,놀러가자🎵 | 키즈 인기 동요 | 상상력 풍부해지는 창작동요 | 어린이 애니메이션 | 퀘스터즈 Questerz,"Mar 19, 2026",47,0:00:00
2025-10-22,ALG9GX6v7hI,놀러가자🎵 | 키즈 인기 동요 | 상상력 풍부해지는 창작동요 | 어린이 애니메이션 | 퀘스터즈 Questerz,"Mar 19, 2026",47,0:00:00
2025-10-23,ALG9GX6v7hI,놀러가자🎵 | 키즈 인기 동요 | 상상력 풍부해지는 창작동요 | 어린이 애니메이션 | 퀘스터즈 Questerz,"Mar 19, 2026",47,0:00:00
2025-10-24,ALG9GX6v7hI,놀러가자🎵 | 키즈 인기 동요 | 상상력 풍부해지는 창작동요 | 어린이 애니메이션 | 퀘스터즈 Questerz,"Mar 19, 2026",47,0:00:00
2025-10-25,ALG9GX6v7hI,놀러가자🎵 | 키즈 인기 동요 | 상상력 풍부해지는 창작동요 | 어린이 애니메이션 | 퀘스터즈 Questerz,"Mar 19, 2026",47,0:00:00
2025-10-26,ALG9GX6v7hI,놀러가자🎵 | 키즈 인기 동요 | 상상력 풍부해지는 창작동요 | 어린이 애니메이션 | 퀘스터즈 Questerz,"Mar 19, 2026",47,0:00:00
2025-10-27,ALG9GX6v7hI,놀러가자🎵 | 키즈 인기 동요 | 상상력 풍부해지는 창작동요 | 어린이 애니메이션 | 퀘스터즈 Questerz,"Mar 19, 2026",47,0:00:00
2025-10-28,ALG9GX6v7hI,놀러가자🎵 | 키즈 인기 동요 | 상상력 풍부해지는 창작동요 | 어린이 애니메이션 | 퀘스터즈 Questerz,"Mar 19, 2026",47,0:00:00
2025-10-29,ALG9GX6v7hI,놀러가자🎵 | 키즈 인기 동요 | 상상력 풍부해지는 창작동요 | 어린이 애니메이션 | 퀘스터즈 Questerz,"Mar 19, 2026",47,0:00:00
2025-10-30,ALG9GX6v7hI,놀러가자🎵 | 키즈 인기 동요 | 상상력 풍부해지는 창작동요 | 어린이 애니메이션 | 퀘스터즈 Questerz,"Mar 19, 2026",47,0:00:00
2025-10-31,ALG9GX6v7hI,놀러가자🎵 | 키즈 인기 동요 | 상상력 풍부해지는 창작동요 | 어린이 애니메이션 | 퀘스터즈 Questerz,"Mar 19, 2026",47,0:00:00
2025-11-01,ALG9GX6v7hI,놀러가자🎵 | 키즈 인기 동요 | 상상력 풍부해지는 창작동요 | 어린이 애니메이션 | 퀘스터즈 Questerz,"Mar 19, 2026",47,0:00:00
2025-11-02,ALG9GX6v7hI,놀러가자🎵 | 키즈 인기 동요 | 상상력 풍부해지는 창작동요 | 어린이 애니메이션 | 퀘스터즈 Questerz,"Mar 19, 2026",47,0:00:00
2025-11-03,ALG9GX6v7hI,놀러가자🎵 | 키즈 인기 동요 | 상상력 풍부해지는 창작동요 | 어린이 애니메이션 | 퀘스터즈 Questerz,"Mar 19, 2026",47,0:00:00
2025-11-04,ALG9GX6v7hI,놀러가자🎵 | 키즈 인기 동요 | 상상력 풍부해지는 창작동요 | 어린이 애니메이션 | 퀘스터즈 Questerz,"Mar 19, 2026",47,0:00:00
2025-11-05,ALG9GX6v7hI,놀러가자🎵 | 키즈 인기 동요 | 상상력 풍부해지는 창작동요 | 어린이 애니메이션 | 퀘스터즈 Questerz,"Mar 19, 2026",47,0:00:00
2025-11-06,ALG9GX6v7hI,놀러가자🎵 | 키즈 인기 동요 | 상상력 풍부해지는 창작동요 | 어린이 애니메이션 | 퀘스터즈 Questerz,"Mar 19, 2026",47,0:00:00
2025-11-07,ALG9GX6v7hI,놀러가자🎵 | 키즈 인기 동요 | 상상력 풍부해지는 창작동요 | 어린이 애니메이션 | 퀘스터즈 Questerz,"Mar 19, 2026",47,0:00:00
2025-11-08,ALG9GX6v7hI,놀러가자🎵 | 키즈 인기 동요 | 상상력 풍부해지는 창작동요 | 어린이 애니메이션 | 퀘스터즈 Questerz,"Mar 19, 2026",47,0:00:00
2025-11-09,ALG9GX6v7hI,놀러가자🎵 | 키즈 인기 동요 | 상상력 풍부해지는 창작동요 | 어린이 애니메이션 | 퀘스터즈 Questerz,"Mar 19, 2026",47,0:00:00
2025-11-10,ALG9GX6v7hI,놀러가자🎵 | 키즈 인기 동요 | 상상력 풍부해지는 창작동요 | 어린이 애니메이션 | 퀘스터즈 Questerz,"Mar 19, 2026",47,0:00:00
2025-11-11,ALG9GX6v7hI,놀러가자🎵 | 키즈 인기 동요 | 상상력 풍부해지는 창작동요 | 어린이 애니메이션 | 퀘스터즈 Questerz,"Mar 19, 2026",47,0:00:00
2025-11-12,ALG9GX6v7hI,놀러가자🎵 | 키즈 인기 동요 | 상상력 풍부해지는 창작동요 | 어린이 애니메이션 | 퀘스터즈 Questerz,"Mar 19, 2026",47,0:00:00
2025-11-13,ALG9GX6v7hI,놀러가자🎵 | 키즈 인기 동요 | 상상력 풍부해지는 창작동요 | 어린이 애니메이션 | 퀘스터즈 Questerz,"Mar 19, 2026",47,0:00:00
2025-11-14,ALG9GX6v7hI,놀러가자🎵 | 키즈 인기 동요 | 상상력 풍부해지는 창작동요 | 어린이 애니메이션 | 퀘스터즈 Questerz,"Mar 19, 2026",47,0:00:00
2025-11-15,ALG9GX6v7hI,놀러가자🎵 | 키즈 인기 동요 | 상상력 풍부해지는 창작동요 | 어린이 애니메이션 | 퀘스터즈 Questerz,"Mar 19, 2026",47,0:00:00
2025-11-16,ALG9GX6v7hI,놀러가자🎵 | 키즈 인기 동요 | 상상력 풍부해지는 창작동요 | 어린이 애니메이션 | 퀘스터즈 Questerz,"Mar 19, 2026",47,0:00:00
2025-11-17,ALG9GX6v7hI,놀러가자🎵 | 키즈 인기 동요 | 상상력 풍부해지는 창작동요 | 어린이 애니메이션 | 퀘스터즈 Questerz,"Mar 19, 2026",47,0:00:00
2025-11-18,ALG9GX6v7hI,놀러가자🎵 | 키즈 인기 동요 | 상상력 풍부해지는 창작동요 | 어린이 애니메이션 | 퀘스터즈 Questerz,"Mar 19, 2026",47,0:00:00
2025-11-19,ALG9GX6v7hI,놀러가자🎵 | 키즈 인기 동요 | 상상력 풍부해지는 창작동요 | 어린이 애니메이션 | 퀘스터즈 Questerz,"Mar 19, 2026",47,0:00:00
2025-11-20,ALG9GX6v7hI,놀러가자🎵 | 키즈 인기 동요 | 상상력 풍부해지는 창작동요 | 어린이 애니메이션 | 퀘스터즈 Questerz,"Mar 19, 2026",47,0:00:00
2025-11-21,ALG9GX6v7hI,놀러가자🎵 | 키즈 인기 동요 | 상상력 풍부해지는 창작동요 | 어린이 애니메이션 | 퀘스터즈 Questerz,"Mar 19, 2026",47,0:00:00
2025-11-22,ALG9GX6v7hI,놀러가자🎵 | 키즈 인기 동요 | 상상력 풍부해지는 창작동요 | 어린이 애니메이션 | 퀘스터즈 Questerz,"Mar 19, 2026",47,0:00:00
2025-11-23,ALG9GX6v7hI,놀러가자🎵 | 키즈 인기 동요 | 상상력 풍부해지는 창작동요 | 어린이 애니메이션 | 퀘스터즈 Questerz,"Mar 19, 2026",47,0:00:00
2025-11-24,ALG9GX6v7hI,놀러가자🎵 | 키즈 인기 동요 | 상상력 풍부해지는 창작동요 | 어린이 애니메이션 | 퀘스터즈 Questerz,"Mar 19, 2026",47,0:00:00
2025-11-25,ALG9GX6v7hI,놀러가자🎵 | 키즈 인기 동요 | 상상력 풍부해지는 창작동요 | 어린이 애니메이션 | 퀘스터즈 Questerz,"Mar 19, 2026",47,0:00:00
2025-11-26,ALG9GX6v7hI,놀러가자🎵 | 키즈 인기 동요 | 상상력 풍부해지는 창작동요 | 어린이 애니메이션 | 퀘스터즈 Questerz,"Mar 19, 2026",47,0:00:00
2025-11-27,ALG9GX6v7hI,놀러가자🎵 | 키즈 인기 동요 | 상상력 풍부해지는 창작동요 | 어린이 애니메이션 | 퀘스터즈 Questerz,"Mar 19, 2026",47,0:00:00
2025-11-28,ALG9GX6v7hI,놀러가자🎵 | 키즈 인기 동요 | 상상력 풍부해지는 창작동요 | 어린이 애니메이션 | 퀘스터즈 Questerz,"Mar 19, 2026",47,0:00:00
2025-11-29,ALG9GX6v7hI,놀러가자🎵 | 키즈 인기 동요 | 상상력 풍부해지는 창작동요 | 어린이 애니메이션 | 퀘스터즈 Questerz,"Mar 19, 2026",47,0:00:00
2025-11-30,ALG9GX6v7hI,놀러가자🎵 | 키즈 인기 동요 | 상상력 풍부해지는 창작동요 | 어린이 애니메이션 | 퀘스터즈 Questerz,"Mar 19, 2026",47,0:00:00
2025-12-01,ALG9GX6v7hI,놀러가자🎵 | 키즈 인기 동요 | 상상력 풍부해지는 창작동요 | 어린이 애니메이션 | 퀘스터즈 Questerz,"Mar 19, 2026",47,0:00:00
2025-12-02,ALG9GX6v7hI,놀러가자🎵 | 키즈 인기 동요 | 상상력 풍부해지는 창작동요 | 어린이 애니메이션 | 퀘스터즈 Questerz,"Mar 19, 2026",47,0:00:00
2025-12-03,ALG9GX6v7hI,놀러가자🎵 | 키즈 인기 동요 | 상상력 풍부해지는 창작동요 | 어린이 애니메이션 | 퀘스터즈 Questerz,"Mar 19, 2026",47,0:00:00
2025-12-04,ALG9GX6v7hI,놀러가자🎵 | 키즈 인기 동요 | 상상력 풍부해지는 창작동요 | 어린이 애니메이션 | 퀘스터즈 Questerz,"Mar 19, 2026",47,0:00:00
2025-12-05,ALG9GX6v7hI,놀러가자🎵 | 키즈 인기 동요 | 상상력 풍부해지는 창작동요 | 어린이 애니메이션 | 퀘스터즈 Questerz,"Mar 19, 2026",47,0:00:00
2025-12-06,ALG9GX6v7hI,놀러가자🎵 | 키즈 인기 동요 | 상상력 풍부해지는 창작동요 | 어린이 애니메이션 | 퀘스터즈 Questerz,"Mar 19, 2026",47,0:00:00
2025-12-07,ALG9GX6v7hI,놀러가자🎵 | 키즈 인기 동요 | 상상력 풍부해지는 창작동요 | 어린이 애니메이션 | 퀘스터즈 Questerz,"Mar 19, 2026",47,0:00:00
2025-12-08,ALG9GX6v7hI,놀러가자🎵 | 키즈 인기 동요 | 상상력 풍부해지는 창작동요 | 어린이 애니메이션 | 퀘스터즈 Questerz,"Mar 19, 2026",47,0:00:00
2025-12-09,ALG9GX6v7hI,놀러가자🎵 | 키즈 인기 동요 | 상상력 풍부해지는 창작동요 | 어린이 애니메이션 | 퀘스터즈 Questerz,"Mar 19, 2026",47,0:00:00
2025-12-10,ALG9GX6v7hI,놀러가자🎵 | 키즈 인기 동요 | 상상력 풍부해지는 창작동요 | 어린이 애니메이션 | 퀘스터즈 Questerz,"Mar 19, 2026",47,0:00:00
2025-12-11,ALG9GX6v7hI,놀러가자🎵 | 키즈 인기 동요 | 상상력 풍부해지는 창작동요 | 어린이 애니메이션 | 퀘스터즈 Questerz,"Mar 19, 2026",47,0:00:00
2025-12-12,ALG9GX6v7hI,놀러가자🎵 | 키즈 인기 동요 | 상상력 풍부해지는 창작동요 | 어린이 애니메이션 | 퀘스터즈 Questerz,"Mar 19, 2026",47,0:00:00
2025-12-13,ALG9GX6v7hI,놀러가자🎵 | 키즈 인기 동요 | 상상력 풍부해지는 창작동요 | 어린이 애니메이션 | 퀘스터즈 Questerz,"Mar 19, 2026",47,0:00:00
2025-12-14,ALG9GX6v7hI,놀러가자🎵 | 키즈 인기 동요 | 상상력 풍부해지는 창작동요 | 어린이 애니메이션 | 퀘스터즈 Questerz,"Mar 19, 2026",47,0:00:00
2025-12-15,ALG9GX6v7hI,놀러가자🎵 | 키즈 인기 동요 | 상상력 풍부해지는 창작동요 | 어린이 애니메이션 | 퀘스터즈 Questerz,"Mar 19, 2026",47,0:00:00
2025-12-16,ALG9GX6v7hI,놀러가자🎵 | 키즈 인기 동요 | 상상력 풍부해지는 창작동요 | 어린이 애니메이션 | 퀘스터즈 Questerz,"Mar 19, 2026",47,0:00:00
2025-12-17,ALG9GX6v7hI,놀러가자🎵 | 키즈 인기 동요 | 상상력 풍부해지는 창작동요 | 어린이 애니메이션 | 퀘스터즈 Questerz,"Mar 19, 2026",47,0:00:00
2025-12-18,ALG9GX6v7hI,놀러가자🎵 | 키즈 인기 동요 | 상상력 풍부해지는 창작동요 | 어린이 애니메이션 | 퀘스터즈 Questerz,"Mar 19, 2026",47,0:00:00
2025-12-19,ALG9GX6v7hI,놀러가자🎵 | 키즈 인기 동요 | 상상력 풍부해지는 창작동요 | 어린이 애니메이션 | 퀘스터즈 Questerz,"Mar 19, 2026",47,0:00:00
2025-12-20,ALG9GX6v7hI,놀러가자🎵 | 키즈 인기 동요 | 상상력 풍부해지는 창작동요 | 어린이 애니메이션 | 퀘스터즈 Questerz,"Mar 19, 2026",47,0:00:00
2025-12-21,ALG9GX6v7hI,놀러가자🎵 | 키즈 인기 동요 | 상상력 풍부해지는 창작동요 | 어린이 애니메이션 | 퀘스터즈 Questerz,"Mar 19, 2026",47,0:00:00
2025-12-22,ALG9GX6v7hI,놀러가자🎵 | 키즈 인기 동요 | 상상력 풍부해지는 창작동요 | 어린이 애니메이션 | 퀘스터즈 Questerz,"Mar 19, 2026",47,0:00:00
2025-12-23,ALG9GX6v7hI,놀러가자🎵 | 키즈 인기 동요 | 상상력 풍부해지는 창작동요 | 어린이 애니메이션 | 퀘스터즈 Questerz,"Mar 19, 2026",47,0:00:00
2025-12-24,ALG9GX6v7hI,놀러가자🎵 | 키즈 인기 동요 | 상상력 풍부해지는 창작동요 | 어린이 애니메이션 | 퀘스터즈 Questerz,"Mar 19, 2026",47,0:00:00
2025-12-25,ALG9GX6v7hI,놀러가자🎵 | 키즈 인기 동요 | 상상력 풍부해지는 창작동요 | 어린이 애니메이션 | 퀘스터즈 Questerz,"Mar 19, 2026",47,0:00:00
2025-12-26,ALG9GX6v7hI,놀러가자🎵 | 키즈 인기 동요 | 상상력 풍부해지는 창작동요 | 어린이 애니메이션 | 퀘스터즈 Questerz,"Mar 19, 2026",47,0:00:00
2025-12-27,ALG9GX6v7hI,놀러가자🎵 | 키즈 인기 동요 | 상상력 풍부해지는 창작동요 | 어린이 애니메이션 | 퀘스터즈 Questerz,"Mar 19, 2026",47,0:00:00
2025-12-28,ALG9GX6v7hI,놀러가자🎵 | 키즈 인기 동요 | 상상력 풍부해지는 창작동요 | 어린이 애니메이션 | 퀘스터즈 Questerz,"Mar 19, 2026",47,0:00:00
2025-12-29,ALG9GX6v7hI,놀러가자🎵 | 키즈 인기 동요 | 상상력 풍부해지는 창작동요 | 어린이 애니메이션 | 퀘스터즈 Questerz,"Mar 19, 2026",47,0:00:00
2025-12-30,ALG9GX6v7hI,놀러가자🎵 | 키즈 인기 동요 | 상상력 풍부해지는 창작동요 | 어린이 애니메이션 | 퀘스터즈 Questerz,"Mar 19, 2026",47,0:00:00
2025-12-31,ALG9GX6v7hI,놀러가자🎵 | 키즈 인기 동요 | 상상력 풍부해지는 창작동요 | 어린이 애니메이션 | 퀘스터즈 Questerz,"Mar 19, 2026",47,0:00:00
2026-01-01,ALG9GX6v7hI,놀러가자🎵 | 키즈 인기 동요 | 상상력 풍부해지는 창작동요 | 어린이 애니메이션 | 퀘스터즈 Questerz,"Mar 19, 2026",47,0:00:00
2026-01-02,ALG9GX6v7hI,놀러가자🎵 | 키즈 인기 동요 | 상상력 풍부해지는 창작동요 | 어린이 애니메이션 | 퀘스터즈 Questerz,"Mar 19, 2026",47,0:00:00
2026-01-03,ALG9GX6v7hI,놀러가자🎵 | 키즈 인기 동요 | 상상력 풍부해지는 창작동요 | 어린이 애니메이션 | 퀘스터즈 Questerz,"Mar 19, 2026",47,0:00:00
2026-01-04,ALG9GX6v7hI,놀러가자🎵 | 키즈 인기 동요 | 상상력 풍부해지는 창작동요 | 어린이 애니메이션 | 퀘스터즈 Questerz,"Mar 19, 2026",47,0:00:00
2026-01-05,ALG9GX6v7hI,놀러가자🎵 | 키즈 인기 동요 | 상상력 풍부해지는 창작동요 | 어린이 애니메이션 | 퀘스터즈 Questerz,"Mar 19, 2026",47,0:00:00
2026-01-06,ALG9GX6v7hI,놀러가자🎵 | 키즈 인기 동요 | 상상력 풍부해지는 창작동요 | 어린이 애니메이션 | 퀘스터즈 Questerz,"Mar 19, 2026",47,0:00:00
2026-01-07,ALG9GX6v7hI,놀러가자🎵 | 키즈 인기 동요 | 상상력 풍부해지는 창작동요 | 어린이 애니메이션 | 퀘스터즈 Questerz,"Mar 19, 2026",47,0:00:00
2026-01-08,ALG9GX6v7hI,놀러가자🎵 | 키즈 인기 동요 | 상상력 풍부해지는 창작동요 | 어린이 애니메이션 | 퀘스터즈 Questerz,"Mar 19, 2026",47,0:00:00
2026-01-09,ALG9GX6v7hI,놀러가자🎵 | 키즈 인기 동요 | 상상력 풍부해지는 창작동요 | 어린이 애니메이션 | 퀘스터즈 Questerz,"Mar 19, 2026",47,0:00:00
2026-01-10,ALG9GX6v7hI,놀러가자🎵 | 키즈 인기 동요 | 상상력 풍부해지는 창작동요 | 어린이 애니메이션 | 퀘스터즈 Questerz,"Mar 19, 2026",47,0:00:00
2026-01-11,ALG9GX6v7hI,놀러가자🎵 | 키즈 인기 동요 | 상상력 풍부해지는 창작동요 | 어린이 애니메이션 | 퀘스터즈 Questerz,"Mar 19, 2026",47,0:00:00
2026-01-12,ALG9GX6v7hI,놀러가자🎵 | 키즈 인기 동요 | 상상력 풍부해지는 창작동요 | 어린이 애니메이션 | 퀘스터즈 Questerz,"Mar 19, 2026",47,0:00:00
2026-01-13,ALG9GX6v7hI,놀러가자🎵 | 키즈 인기 동요 | 상상력 풍부해지는 창작동요 | 어린이 애니메이션 | 퀘스터즈 Questerz,"Mar 19, 2026",47,0:00:00
2026-01-14,ALG9GX6v7hI,놀러가자🎵 | 키즈 인기 동요 | 상상력 풍부해지는 창작동요 | 어린이 애니메이션 | 퀘스터즈 Questerz,"Mar 19, 2026",47,0:00:00
2026-01-15,ALG9GX6v7hI,놀러가자🎵 | 키즈 인기 동요 | 상상력 풍부해지는 창작동요 | 어린이 애니메이션 | 퀘스터즈 Questerz,"Mar 19, 2026",47,0:00:00
2026-01-16,ALG9GX6v7hI,놀러가자🎵 | 키즈 인기 동요 | 상상력 풍부해지는 창작동요 | 어린이 애니메이션 | 퀘스터즈 Questerz,"Mar 19, 2026",47,0:00:00
2026-01-17,ALG9GX6v7hI,놀러가자🎵 | 키즈 인기 동요 | 상상력 풍부해지는 창작동요 | 어린이 애니메이션 | 퀘스터즈 Questerz,"Mar 19, 2026",47,0:00:00
2026-01-18,ALG9GX6v7hI,놀러가자🎵 | 키즈 인기 동요 | 상상력 풍부해지는 창작동요 | 어린이 애니메이션 | 퀘스터즈 Questerz,"Mar 19, 2026",47,0:00:00
2026-01-19,ALG9GX6v7hI,놀러가자🎵 | 키즈 인기 동요 | 상상력 풍부해지는 창작동요 | 어린이 애니메이션 | 퀘스터즈 Questerz,"Mar 19, 2026",47,0:00:00
2026-01-20,ALG9GX6v7hI,놀러가자🎵 | 키즈 인기 동요 | 상상력 풍부해지는 창작동요 | 어린이 애니메이션 | 퀘스터즈 Questerz,"Mar 19, 2026",47,0:00:00
2026-01-21,ALG9GX6v7hI,놀러가자🎵 | 키즈 인기 동요 | 상상력 풍부해지는 창작동요 | 어린이 애니메이션 | 퀘스터즈 Questerz,"Mar 19, 2026",47,0:00:00
2026-01-22,ALG9GX6v7hI,놀러가자🎵 | 키즈 인기 동요 | 상상력 풍부해지는 창작동요 | 어린이 애니메이션 | 퀘스터즈 Questerz,"Mar 19, 2026",47,0:00:00
2026-01-23,ALG9GX6v7hI,놀러가자🎵 | 키즈 인기 동요 | 상상력 풍부해지는 창작동요 | 어린이 애니메이션 | 퀘스터즈 Questerz,"Mar 19, 2026",47,0:00:00
2026-01-24,ALG9GX6v7hI,놀러가자🎵 | 키즈 인기 동요 | 상상력 풍부해지는 창작동요 | 어린이 애니메이션 | 퀘스터즈 Questerz,"Mar 19, 2026",47,0:00:00
2026-01-25,ALG9GX6v7hI,놀러가자🎵 | 키즈 인기 동요 | 상상력 풍부해지는 창작동요 | 어린이 애니메이션 | 퀘스터즈 Questerz,"Mar 19, 2026",47,0:00:00
2026-01-26,ALG9GX6v7hI,놀러가자🎵 | 키즈 인기 동요 | 상상력 풍부해지는 창작동요 | 어린이 애니메이션 | 퀘스터즈 Questerz,"Mar 19, 2026",47,0:00:00
2026-01-27,ALG9GX6v7hI,놀러가자🎵 | 키즈 인기 동요 | 상상력 풍부해지는 창작동요 | 어린이 애니메이션 | 퀘스터즈 Questerz,"Mar 19, 2026",47,0:00:00
2026-01-28,ALG9GX6v7hI,놀러가자🎵 | 키즈 인기 동요 | 상상력 풍부해지는 창작동요 | 어린이 애니메이션 | 퀘스터즈 Questerz,"Mar 19, 2026",47,0:00:00
2026-01-29,ALG9GX6v7hI,놀러가자🎵 | 키즈 인기 동요 | 상상력 풍부해지는 창작동요 | 어린이 애니메이션 | 퀘스터즈 Questerz,"Mar 19, 2026",47,0:00:00
2026-01-30,ALG9GX6v7hI,놀러가자🎵 | 키즈 인기 동요 | 상상력 풍부해지는 창작동요 | 어린이 애니메이션 | 퀘스터즈 Questerz,"Mar 19, 2026",47,0:00:00
2026-01-31,ALG9GX6v7hI,놀러가자🎵 | 키즈 인기 동요 | 상상력 풍부해지는 창작동요 | 어린이 애니메이션 | 퀘스터즈 Questerz,"Mar 19, 2026",47,0:00:00
2026-02-01,ALG9GX6v7hI,놀러가자🎵 | 키즈 인기 동요 | 상상력 풍부해지는 창작동요 | 어린이 애니메이션 | 퀘스터즈 Questerz,"Mar 19, 2026",47,0:00:00
2026-02-02,ALG9GX6v7hI,놀러가자🎵 | 키즈 인기 동요 | 상상력 풍부해지는 창작동요 | 어린이 애니메이션 | 퀘스터즈 Questerz,"Mar 19, 2026",47,0:00:00
2026-02-03,ALG9GX6v7hI,놀러가자🎵 | 키즈 인기 동요 | 상상력 풍부해지는 창작동요 | 어린이 애니메이션 | 퀘스터즈 Questerz,"Mar 19, 2026",47,0:00:00
2026-02-04,ALG9GX6v7hI,놀러가자🎵 | 키즈 인기 동요 | 상상력 풍부해지는 창작동요 | 어린이 애니메이션 | 퀘스터즈 Questerz,"Mar 19, 2026",47,0:00:00
2026-02-05,ALG9GX6v7hI,놀러가자🎵 | 키즈 인기 동요 | 상상력 풍부해지는 창작동요 | 어린이 애니메이션 | 퀘스터즈 Questerz,"Mar 19, 2026",47,0:00:00
2026-02-06,ALG9GX6v7hI,놀러가자🎵 | 키즈 인기 동요 | 상상력 풍부해지는 창작동요 | 어린이 애니메이션 | 퀘스터즈 Questerz,"Mar 19, 2026",47,0:00:00
2026-02-07,ALG9GX6v7hI,놀러가자🎵 | 키즈 인기 동요 | 상상력 풍부해지는 창작동요 | 어린이 애니메이션 | 퀘스터즈 Questerz,"Mar 19, 2026",47,0:00:00
2026-02-08,ALG9GX6v7hI,놀러가자🎵 | 키즈 인기 동요 | 상상력 풍부해지는 창작동요 | 어린이 애니메이션 | 퀘스터즈 Questerz,"Mar 19, 2026",47,0:00:00
2026-02-09,ALG9GX6v7hI,놀러가자🎵 | 키즈 인기 동요 | 상상력 풍부해지는 창작동요 | 어린이 애니메이션 | 퀘스터즈 Questerz,"Mar 19, 2026",47,0:00:00
2026-02-10,ALG9GX6v7hI,놀러가자🎵 | 키즈 인기 동요 | 상상력 풍부해지는 창작동요 | 어린이 애니메이션 | 퀘스터즈 Questerz,"Mar 19, 2026",47,0:00:00
2026-02-11,ALG9GX6v7hI,놀러가자🎵 | 키즈 인기 동요 | 상상력 풍부해지는 창작동요 | 어린이 애니메이션 | 퀘스터즈 Questerz,"Mar 19, 2026",47,0:00:00
2026-02-12,ALG9GX6v7hI,놀러가자🎵 | 키즈 인기 동요 | 상상력 풍부해지는 창작동요 | 어린이 애니메이션 | 퀘스터즈 Questerz,"Mar 19, 2026",47,0:00:00
2026-02-13,ALG9GX6v7hI,놀러가자🎵 | 키즈 인기 동요 | 상상력 풍부해지는 창작동요 | 어린이 애니메이션 | 퀘스터즈 Questerz,"Mar 19, 2026",47,0:00:00
2026-02-14,ALG9GX6v7hI,놀러가자🎵 | 키즈 인기 동요 | 상상력 풍부해지는 창작동요 | 어린이 애니메이션 | 퀘스터즈 Questerz,"Mar 19, 2026",47,0:00:00
2026-02-15,ALG9GX6v7hI,놀러가자🎵 | 키즈 인기 동요 | 상상력 풍부해지는 창작동요 | 어린이 애니메이션 | 퀘스터즈 Questerz,"Mar 19, 2026",47,0:00:00
2026-02-16,ALG9GX6v7hI,놀러가자🎵 | 키즈 인기 동요 | 상상력 풍부해지는 창작동요 | 어린이 애니메이션 | 퀘스터즈 Questerz,"Mar 19, 2026",47,0:00:00
2026-02-17,ALG9GX6v7hI,놀러가자🎵 | 키즈 인기 동요 | 상상력 풍부해지는 창작동요 | 어린이 애니메이션 | 퀘스터즈 Questerz,"Mar 19, 2026",47,0:00:00
2026-02-18,ALG9GX6v7hI,놀러가자🎵 | 키즈 인기 동요 | 상상력 풍부해지는 창작동요 | 어린이 애니메이션 | 퀘스터즈 Questerz,"Mar 19, 2026",47,0:00:00
2026-02-19,ALG9GX6v7hI,놀러가자🎵 | 키즈 인기 동요 | 상상력 풍부해지는 창작동요 | 어린이 애니메이션 | 퀘스터즈 Questerz,"Mar 19, 2026",47,0:00:00
2026-02-20,ALG9GX6v7hI,놀러가자🎵 | 키즈 인기 동요 | 상상력 풍부해지는 창작동요 | 어린이 애니메이션 | 퀘스터즈 Questerz,"Mar 19, 2026",47,0:00:00
2026-02-21,ALG9GX6v7hI,놀러가자🎵 | 키즈 인기 동요 | 상상력 풍부해지는 창작동요 | 어린이 애니메이션 | 퀘스터즈 Questerz,"Mar 19, 2026",47,0:00:00
2026-02-22,ALG9GX6v7hI,놀러가자🎵 | 키즈 인기 동요 | 상상력 풍부해지는 창작동요 | 어린이 애니메이션 | 퀘스터즈 Questerz,"Mar 19, 2026",47,0:00:00
2026-02-23,ALG9GX6v7hI,놀러가자🎵 | 키즈 인기 동요 | 상상력 풍부해지는 창작동요 | 어린이 애니메이션 | 퀘스터즈 Questerz,"Mar 19, 2026",47,0:00:00
2026-02-24,ALG9GX6v7hI,놀러가자🎵 | 키즈 인기 동요 | 상상력 풍부해지는 창작동요 | 어린이 애니메이션 | 퀘스터즈 Questerz,"Mar 19, 2026",47,0:00:00
2026-02-25,ALG9GX6v7hI,놀러가자🎵 | 키즈 인기 동요 | 상상력 풍부해지는 창작동요 | 어린이 애니메이션 | 퀘스터즈 Questerz,"Mar 19, 2026",47,0:00:00
2026-02-26,ALG9GX6v7hI,놀러가자🎵 | 키즈 인기 동요 | 상상력 풍부해지는 창작동요 | 어린이 애니메이션 | 퀘스터즈 Questerz,"Mar 19, 2026",47,0:00:00
2026-02-27,ALG9GX6v7hI,놀러가자🎵 | 키즈 인기 동요 | 상상력 풍부해지는 창작동요 | 어린이 애니메이션 | 퀘스터즈 Questerz,"Mar 19, 2026",47,0:00:00
2026-02-28,ALG9GX6v7hI,놀러가자🎵 | 키즈 인기 동요 | 상상력 풍부해지는 창작동요 | 어린이 애니메이션 | 퀘스터즈 Questerz,"Mar 19, 2026",47,0:00:00
2026-03-01,ALG9GX6v7hI,놀러가자🎵 | 키즈 인기 동요 | 상상력 풍부해지는 창작동요 | 어린이 애니메이션 | 퀘스터즈 Questerz,"Mar 19, 2026",47,0:00:00
2026-03-02,ALG9GX6v7hI,놀러가자🎵 | 키즈 인기 동요 | 상상력 풍부해지는 창작동요 | 어린이 애니메이션 | 퀘스터즈 Questerz,"Mar 19, 2026",47,0:00:00
2026-03-03,ALG9GX6v7hI,놀러가자🎵 | 키즈 인기 동요 | 상상력 풍부해지는 창작동요 | 어린이 애니메이션 | 퀘스터즈 Questerz,"Mar 19, 2026",47,0:00:00
2026-03-04,ALG9GX6v7hI,놀러가자🎵 | 키즈 인기 동요 | 상상력 풍부해지는 창작동요 | 어린이 애니메이션 | 퀘스터즈 Questerz,"Mar 19, 2026",47,0:00:00
2026-03-05,ALG9GX6v7hI,놀러가자🎵 | 키즈 인기 동요 | 상상력 풍부해지는 창작동요 | 어린이 애니메이션 | 퀘스터즈 Questerz,"Mar 19, 2026",47,0:00:00
2026-03-06,ALG9GX6v7hI,놀러가자🎵 | 키즈 인기 동요 | 상상력 풍부해지는 창작동요 | 어린이 애니메이션 | 퀘스터즈 Questerz,"Mar 19, 2026",47,0:00:00
2026-03-07,ALG9GX6v7hI,놀러가자🎵 | 키즈 인기 동요 | 상상력 풍부해지는 창작동요 | 어린이 애니메이션 | 퀘스터즈 Questerz,"Mar 19, 2026",47,0:00:00
2026-03-08,ALG9GX6v7hI,놀러가자🎵 | 키즈 인기 동요 | 상상력 풍부해지는 창작동요 | 어린이 애니메이션 | 퀘스터즈 Questerz,"Mar 19, 2026",47,0:00:00
2026-03-09,ALG9GX6v7hI,놀러가자🎵 | 키즈 인기 동요 | 상상력 풍부해지는 창작동요 | 어린이 애니메이션 | 퀘스터즈 Questerz,"Mar 19, 2026",47,0:00:00
2026-03-10,ALG9GX6v7hI,놀러가자🎵 | 키즈 인기 동요 | 상상력 풍부해지는 창작동요 | 어린이 애니메이션 | 퀘스터즈 Questerz,"Mar 19, 2026",47,0:00:00
2026-03-11,ALG9GX6v7hI,놀러가자🎵 | 키즈 인기 동요 | 상상력 풍부해지는 창작동요 | 어린이 애니메이션 | 퀘스터즈 Questerz,"Mar 19, 2026",47,0:00:00
2026-03-12,ALG9GX6v7hI,놀러가자🎵 | 키즈 인기 동요 | 상상력 풍부해지는 창작동요 | 어린이 애니메이션 | 퀘스터즈 Questerz,"Mar 19, 2026",47,0:00:00
2026-03-13,ALG9GX6v7hI,놀러가자🎵 | 키즈 인기 동요 | 상상력 풍부해지는 창작동요 | 어린이 애니메이션 | 퀘스터즈 Questerz,"Mar 19, 2026",47,0:00:00
2026-03-14,ALG9GX6v7hI,놀러가자🎵 | 키즈 인기 동요 | 상상력 풍부해지는 창작동요 | 어린이 애니메이션 | 퀘스터즈 Questerz,"Mar 19, 2026",47,0:00:00
2026-03-15,ALG9GX6v7hI,놀러가자🎵 | 키즈 인기 동요 | 상상력 풍부해지는 창작동요 | 어린이 애니메이션 | 퀘스터즈 Questerz,"Mar 19, 2026",47,0:00:00
2026-03-16,ALG9GX6v7hI,놀러가자🎵 | 키즈 인기 동요 | 상상력 풍부해지는 창작동요 | 어린이 애니메이션 | 퀘스터즈 Questerz,"Mar 19, 2026",47,0:00:00
2026-03-17,ALG9GX6v7hI,놀러가자🎵 | 키즈 인기 동요 | 상상력 풍부해지는 창작동요 | 어린이 애니메이션 | 퀘스터즈 Questerz,"Mar 19, 2026",47,0:00:00
2026-03-18,ALG9GX6v7hI,놀러가자🎵 | 키즈 인기 동요 | 상상력 풍부해지는 창작동요 | 어린이 애니메이션 | 퀘스터즈 Questerz,"Mar 19, 2026",47,0:00:00
2026-03-19,ALG9GX6v7hI,놀러가자🎵 | 키즈 인기 동요 | 상상력 풍부해지는 창작동요 | 어린이 애니메이션 | 퀘스터즈 Questerz,"Mar 19, 2026",47,0:00:07
2026-03-20,ALG9GX6v7hI,놀러가자🎵 | 키즈 인기 동요 | 상상력 풍부해지는 창작동요 | 어린이 애니메이션 | 퀘스터즈 Questerz,"Mar 19, 2026",47,0:00:00
2026-03-21,ALG9GX6v7hI,놀러가자🎵 | 키즈 인기 동요 | 상상력 풍부해지는 창작동요 | 어린이 애니메이션 | 퀘스터즈 Questerz,"Mar 19, 2026",47,0:00:00
2026-03-22,ALG9GX6v7hI,놀러가자🎵 | 키즈 인기 동요 | 상상력 풍부해지는 창작동요 | 어린이 애니메이션 | 퀘스터즈 Questerz,"Mar 19, 2026",47,0:00:00
2026-03-23,ALG9GX6v7hI,놀러가자🎵 | 키즈 인기 동요 | 상상력 풍부해지는 창작동요 | 어린이 애니메이션 | 퀘스터즈 Questerz,"Mar 19, 2026",47,0:00:00
2026-03-24,ALG9GX6v7hI,놀러가자🎵 | 키즈 인기 동요 | 상상력 풍부해지는 창작동요 | 어린이 애니메이션 | 퀘스터즈 Questerz,"Mar 19, 2026",47,0:00:00
2026-03-25,ALG9GX6v7hI,놀러가자🎵 | 키즈 인기 동요 | 상상력 풍부해지는 창작동요 | 어린이 애니메이션 | 퀘스터즈 Questerz,"Mar 19, 2026",47,0:00:00
2026-03-26,ALG9GX6v7hI,놀러가자🎵 | 키즈 인기 동요 | 상상력 풍부해지는 창작동요 | 어린이 애니메이션 | 퀘스터즈 Questerz,"Mar 19, 2026",47,0:00:39
2026-03-27,ALG9GX6v7hI,놀러가자🎵 | 키즈 인기 동요 | 상상력 풍부해지는 창작동요 | 어린이 애니메이션 | 퀘스터즈 Questerz,"Mar 19, 2026",47,0:00:03
2026-03-28,ALG9GX6v7hI,놀러가자🎵 | 키즈 인기 동요 | 상상력 풍부해지는 창작동요 | 어린이 애니메이션 | 퀘스터즈 Questerz,"Mar 19, 2026",47,0:00:00
2026-03-29,ALG9GX6v7hI,놀러가자🎵 | 키즈 인기 동요 | 상상력 풍부해지는 창작동요 | 어린이 애니메이션 | 퀘스터즈 Questerz,"Mar 19, 2026",47,0:00:00
2026-03-30,ALG9GX6v7hI,놀러가자🎵 | 키즈 인기 동요 | 상상력 풍부해지는 창작동요 | 어린이 애니메이션 | 퀘스터즈 Questerz,"Mar 19, 2026",47,0:00:00
2025-09-21,NaC_nHYXt58,아이의 창의력이 깨어나는 시간: 퀘스터즈 에디슨 편 | 넥스페리움 아카데미 | 퀘스터즈 호기심 탐험대,"Mar 19, 2026",135,0:00:00
2025-09-22,NaC_nHYXt58,아이의 창의력이 깨어나는 시간: 퀘스터즈 에디슨 편 | 넥스페리움 아카데미 | 퀘스터즈 호기심 탐험대,"Mar 19, 2026",135,0:00:00
2025-09-23,NaC_nHYXt58,아이의 창의력이 깨어나는 시간: 퀘스터즈 에디슨 편 | 넥스페리움 아카데미 | 퀘스터즈 호기심 탐험대,"Mar 19, 2026",135,0:00:00
2025-09-24,NaC_nHYXt58,아이의 창의력이 깨어나는 시간: 퀘스터즈 에디슨 편 | 넥스페리움 아카데미 | 퀘스터즈 호기심 탐험대,"Mar 19, 2026",135,0:00:00
2025-09-25,NaC_nHYXt58,아이의 창의력이 깨어나는 시간: 퀘스터즈 에디슨 편 | 넥스페리움 아카데미 | 퀘스터즈 호기심 탐험대,"Mar 19, 2026",135,0:00:00
2025-09-26,NaC_nHYXt58,아이의 창의력이 깨어나는 시간: 퀘스터즈 에디슨 편 | 넥스페리움 아카데미 | 퀘스터즈 호기심 탐험대,"Mar 19, 2026",135,0:00:00
2025-09-27,NaC_nHYXt58,아이의 창의력이 깨어나는 시간: 퀘스터즈 에디슨 편 | 넥스페리움 아카데미 | 퀘스터즈 호기심 탐험대,"Mar 19, 2026",135,0:00:00
2025-09-28,NaC_nHYXt58,아이의 창의력이 깨어나는 시간: 퀘스터즈 에디슨 편 | 넥스페리움 아카데미 | 퀘스터즈 호기심 탐험대,"Mar 19, 2026",135,0:00:00
2025-09-29,NaC_nHYXt58,아이의 창의력이 깨어나는 시간: 퀘스터즈 에디슨 편 | 넥스페리움 아카데미 | 퀘스터즈 호기심 탐험대,"Mar 19, 2026",135,0:00:00
2025-09-30,NaC_nHYXt58,아이의 창의력이 깨어나는 시간: 퀘스터즈 에디슨 편 | 넥스페리움 아카데미 | 퀘스터즈 호기심 탐험대,"Mar 19, 2026",135,0:00:00
2025-10-01,NaC_nHYXt58,아이의 창의력이 깨어나는 시간: 퀘스터즈 에디슨 편 | 넥스페리움 아카데미 | 퀘스터즈 호기심 탐험대,"Mar 19, 2026",135,0:00:00
2025-10-02,NaC_nHYXt58,아이의 창의력이 깨어나는 시간: 퀘스터즈 에디슨 편 | 넥스페리움 아카데미 | 퀘스터즈 호기심 탐험대,"Mar 19, 2026",135,0:00:00
2025-10-03,NaC_nHYXt58,아이의 창의력이 깨어나는 시간: 퀘스터즈 에디슨 편 | 넥스페리움 아카데미 | 퀘스터즈 호기심 탐험대,"Mar 19, 2026",135,0:00:00
2025-10-04,NaC_nHYXt58,아이의 창의력이 깨어나는 시간: 퀘스터즈 에디슨 편 | 넥스페리움 아카데미 | 퀘스터즈 호기심 탐험대,"Mar 19, 2026",135,0:00:00
2025-10-05,NaC_nHYXt58,아이의 창의력이 깨어나는 시간: 퀘스터즈 에디슨 편 | 넥스페리움 아카데미 | 퀘스터즈 호기심 탐험대,"Mar 19, 2026",135,0:00:00
2025-10-06,NaC_nHYXt58,아이의 창의력이 깨어나는 시간: 퀘스터즈 에디슨 편 | 넥스페리움 아카데미 | 퀘스터즈 호기심 탐험대,"Mar 19, 2026",135,0:00:00
2025-10-07,NaC_nHYXt58,아이의 창의력이 깨어나는 시간: 퀘스터즈 에디슨 편 | 넥스페리움 아카데미 | 퀘스터즈 호기심 탐험대,"Mar 19, 2026",135,0:00:00
2025-10-08,NaC_nHYXt58,아이의 창의력이 깨어나는 시간: 퀘스터즈 에디슨 편 | 넥스페리움 아카데미 | 퀘스터즈 호기심 탐험대,"Mar 19, 2026",135,0:00:00
2025-10-09,NaC_nHYXt58,아이의 창의력이 깨어나는 시간: 퀘스터즈 에디슨 편 | 넥스페리움 아카데미 | 퀘스터즈 호기심 탐험대,"Mar 19, 2026",135,0:00:00
2025-10-10,NaC_nHYXt58,아이의 창의력이 깨어나는 시간: 퀘스터즈 에디슨 편 | 넥스페리움 아카데미 | 퀘스터즈 호기심 탐험대,"Mar 19, 2026",135,0:00:00
2025-10-11,NaC_nHYXt58,아이의 창의력이 깨어나는 시간: 퀘스터즈 에디슨 편 | 넥스페리움 아카데미 | 퀘스터즈 호기심 탐험대,"Mar 19, 2026",135,0:00:00
2025-10-12,NaC_nHYXt58,아이의 창의력이 깨어나는 시간: 퀘스터즈 에디슨 편 | 넥스페리움 아카데미 | 퀘스터즈 호기심 탐험대,"Mar 19, 2026",135,0:00:00
2025-10-13,NaC_nHYXt58,아이의 창의력이 깨어나는 시간: 퀘스터즈 에디슨 편 | 넥스페리움 아카데미 | 퀘스터즈 호기심 탐험대,"Mar 19, 2026",135,0:00:00
2025-10-14,NaC_nHYXt58,아이의 창의력이 깨어나는 시간: 퀘스터즈 에디슨 편 | 넥스페리움 아카데미 | 퀘스터즈 호기심 탐험대,"Mar 19, 2026",135,0:00:00
2025-10-15,NaC_nHYXt58,아이의 창의력이 깨어나는 시간: 퀘스터즈 에디슨 편 | 넥스페리움 아카데미 | 퀘스터즈 호기심 탐험대,"Mar 19, 2026",135,0:00:00
2025-10-16,NaC_nHYXt58,아이의 창의력이 깨어나는 시간: 퀘스터즈 에디슨 편 | 넥스페리움 아카데미 | 퀘스터즈 호기심 탐험대,"Mar 19, 2026",135,0:00:00
2025-10-17,NaC_nHYXt58,아이의 창의력이 깨어나는 시간: 퀘스터즈 에디슨 편 | 넥스페리움 아카데미 | 퀘스터즈 호기심 탐험대,"Mar 19, 2026",135,0:00:00
2025-10-18,NaC_nHYXt58,아이의 창의력이 깨어나는 시간: 퀘스터즈 에디슨 편 | 넥스페리움 아카데미 | 퀘스터즈 호기심 탐험대,"Mar 19, 2026",135,0:00:00
2025-10-19,NaC_nHYXt58,아이의 창의력이 깨어나는 시간: 퀘스터즈 에디슨 편 | 넥스페리움 아카데미 | 퀘스터즈 호기심 탐험대,"Mar 19, 2026",135,0:00:00
2025-10-20,NaC_nHYXt58,아이의 창의력이 깨어나는 시간: 퀘스터즈 에디슨 편 | 넥스페리움 아카데미 | 퀘스터즈 호기심 탐험대,"Mar 19, 2026",135,0:00:00
2025-10-21,NaC_nHYXt58,아이의 창의력이 깨어나는 시간: 퀘스터즈 에디슨 편 | 넥스페리움 아카데미 | 퀘스터즈 호기심 탐험대,"Mar 19, 2026",135,0:00:00
2025-10-22,NaC_nHYXt58,아이의 창의력이 깨어나는 시간: 퀘스터즈 에디슨 편 | 넥스페리움 아카데미 | 퀘스터즈 호기심 탐험대,"Mar 19, 2026",135,0:00:00
2025-10-23,NaC_nHYXt58,아이의 창의력이 깨어나는 시간: 퀘스터즈 에디슨 편 | 넥스페리움 아카데미 | 퀘스터즈 호기심 탐험대,"Mar 19, 2026",135,0:00:00
2025-10-24,NaC_nHYXt58,아이의 창의력이 깨어나는 시간: 퀘스터즈 에디슨 편 | 넥스페리움 아카데미 | 퀘스터즈 호기심 탐험대,"Mar 19, 2026",135,0:00:00
2025-10-25,NaC_nHYXt58,아이의 창의력이 깨어나는 시간: 퀘스터즈 에디슨 편 | 넥스페리움 아카데미 | 퀘스터즈 호기심 탐험대,"Mar 19, 2026",135,0:00:00
2025-10-26,NaC_nHYXt58,아이의 창의력이 깨어나는 시간: 퀘스터즈 에디슨 편 | 넥스페리움 아카데미 | 퀘스터즈 호기심 탐험대,"Mar 19, 2026",135,0:00:00
2025-10-27,NaC_nHYXt58,아이의 창의력이 깨어나는 시간: 퀘스터즈 에디슨 편 | 넥스페리움 아카데미 | 퀘스터즈 호기심 탐험대,"Mar 19, 2026",135,0:00:00
2025-10-28,NaC_nHYXt58,아이의 창의력이 깨어나는 시간: 퀘스터즈 에디슨 편 | 넥스페리움 아카데미 | 퀘스터즈 호기심 탐험대,"Mar 19, 2026",135,0:00:00
2025-10-29,NaC_nHYXt58,아이의 창의력이 깨어나는 시간: 퀘스터즈 에디슨 편 | 넥스페리움 아카데미 | 퀘스터즈 호기심 탐험대,"Mar 19, 2026",135,0:00:00
2025-10-30,NaC_nHYXt58,아이의 창의력이 깨어나는 시간: 퀘스터즈 에디슨 편 | 넥스페리움 아카데미 | 퀘스터즈 호기심 탐험대,"Mar 19, 2026",135,0:00:00
2025-10-31,NaC_nHYXt58,아이의 창의력이 깨어나는 시간: 퀘스터즈 에디슨 편 | 넥스페리움 아카데미 | 퀘스터즈 호기심 탐험대,"Mar 19, 2026",135,0:00:00
2025-11-01,NaC_nHYXt58,아이의 창의력이 깨어나는 시간: 퀘스터즈 에디슨 편 | 넥스페리움 아카데미 | 퀘스터즈 호기심 탐험대,"Mar 19, 2026",135,0:00:00
2025-11-02,NaC_nHYXt58,아이의 창의력이 깨어나는 시간: 퀘스터즈 에디슨 편 | 넥스페리움 아카데미 | 퀘스터즈 호기심 탐험대,"Mar 19, 2026",135,0:00:00
2025-11-03,NaC_nHYXt58,아이의 창의력이 깨어나는 시간: 퀘스터즈 에디슨 편 | 넥스페리움 아카데미 | 퀘스터즈 호기심 탐험대,"Mar 19, 2026",135,0:00:00
2025-11-04,NaC_nHYXt58,아이의 창의력이 깨어나는 시간: 퀘스터즈 에디슨 편 | 넥스페리움 아카데미 | 퀘스터즈 호기심 탐험대,"Mar 19, 2026",135,0:00:00
2025-11-05,NaC_nHYXt58,아이의 창의력이 깨어나는 시간: 퀘스터즈 에디슨 편 | 넥스페리움 아카데미 | 퀘스터즈 호기심 탐험대,"Mar 19, 2026",135,0:00:00
2025-11-06,NaC_nHYXt58,아이의 창의력이 깨어나는 시간: 퀘스터즈 에디슨 편 | 넥스페리움 아카데미 | 퀘스터즈 호기심 탐험대,"Mar 19, 2026",135,0:00:00
2025-11-07,NaC_nHYXt58,아이의 창의력이 깨어나는 시간: 퀘스터즈 에디슨 편 | 넥스페리움 아카데미 | 퀘스터즈 호기심 탐험대,"Mar 19, 2026",135,0:00:00
2025-11-08,NaC_nHYXt58,아이의 창의력이 깨어나는 시간: 퀘스터즈 에디슨 편 | 넥스페리움 아카데미 | 퀘스터즈 호기심 탐험대,"Mar 19, 2026",135,0:00:00
2025-11-09,NaC_nHYXt58,아이의 창의력이 깨어나는 시간: 퀘스터즈 에디슨 편 | 넥스페리움 아카데미 | 퀘스터즈 호기심 탐험대,"Mar 19, 2026",135,0:00:00
2025-11-10,NaC_nHYXt58,아이의 창의력이 깨어나는 시간: 퀘스터즈 에디슨 편 | 넥스페리움 아카데미 | 퀘스터즈 호기심 탐험대,"Mar 19, 2026",135,0:00:00
2025-11-11,NaC_nHYXt58,아이의 창의력이 깨어나는 시간: 퀘스터즈 에디슨 편 | 넥스페리움 아카데미 | 퀘스터즈 호기심 탐험대,"Mar 19, 2026",135,0:00:00
2025-11-12,NaC_nHYXt58,아이의 창의력이 깨어나는 시간: 퀘스터즈 에디슨 편 | 넥스페리움 아카데미 | 퀘스터즈 호기심 탐험대,"Mar 19, 2026",135,0:00:00
2025-11-13,NaC_nHYXt58,아이의 창의력이 깨어나는 시간: 퀘스터즈 에디슨 편 | 넥스페리움 아카데미 | 퀘스터즈 호기심 탐험대,"Mar 19, 2026",135,0:00:00
2025-11-14,NaC_nHYXt58,아이의 창의력이 깨어나는 시간: 퀘스터즈 에디슨 편 | 넥스페리움 아카데미 | 퀘스터즈 호기심 탐험대,"Mar 19, 2026",135,0:00:00
2025-11-15,NaC_nHYXt58,아이의 창의력이 깨어나는 시간: 퀘스터즈 에디슨 편 | 넥스페리움 아카데미 | 퀘스터즈 호기심 탐험대,"Mar 19, 2026",135,0:00:00
2025-11-16,NaC_nHYXt58,아이의 창의력이 깨어나는 시간: 퀘스터즈 에디슨 편 | 넥스페리움 아카데미 | 퀘스터즈 호기심 탐험대,"Mar 19, 2026",135,0:00:00
2025-11-17,NaC_nHYXt58,아이의 창의력이 깨어나는 시간: 퀘스터즈 에디슨 편 | 넥스페리움 아카데미 | 퀘스터즈 호기심 탐험대,"Mar 19, 2026",135,0:00:00
2025-11-18,NaC_nHYXt58,아이의 창의력이 깨어나는 시간: 퀘스터즈 에디슨 편 | 넥스페리움 아카데미 | 퀘스터즈 호기심 탐험대,"Mar 19, 2026",135,0:00:00
2025-11-19,NaC_nHYXt58,아이의 창의력이 깨어나는 시간: 퀘스터즈 에디슨 편 | 넥스페리움 아카데미 | 퀘스터즈 호기심 탐험대,"Mar 19, 2026",135,0:00:00
2025-11-20,NaC_nHYXt58,아이의 창의력이 깨어나는 시간: 퀘스터즈 에디슨 편 | 넥스페리움 아카데미 | 퀘스터즈 호기심 탐험대,"Mar 19, 2026",135,0:00:00
2025-11-21,NaC_nHYXt58,아이의 창의력이 깨어나는 시간: 퀘스터즈 에디슨 편 | 넥스페리움 아카데미 | 퀘스터즈 호기심 탐험대,"Mar 19, 2026",135,0:00:00
2025-11-22,NaC_nHYXt58,아이의 창의력이 깨어나는 시간: 퀘스터즈 에디슨 편 | 넥스페리움 아카데미 | 퀘스터즈 호기심 탐험대,"Mar 19, 2026",135,0:00:00
2025-11-23,NaC_nHYXt58,아이의 창의력이 깨어나는 시간: 퀘스터즈 에디슨 편 | 넥스페리움 아카데미 | 퀘스터즈 호기심 탐험대,"Mar 19, 2026",135,0:00:00
2025-11-24,NaC_nHYXt58,아이의 창의력이 깨어나는 시간: 퀘스터즈 에디슨 편 | 넥스페리움 아카데미 | 퀘스터즈 호기심 탐험대,"Mar 19, 2026",135,0:00:00
2025-11-25,NaC_nHYXt58,아이의 창의력이 깨어나는 시간: 퀘스터즈 에디슨 편 | 넥스페리움 아카데미 | 퀘스터즈 호기심 탐험대,"Mar 19, 2026",135,0:00:00
2025-11-26,NaC_nHYXt58,아이의 창의력이 깨어나는 시간: 퀘스터즈 에디슨 편 | 넥스페리움 아카데미 | 퀘스터즈 호기심 탐험대,"Mar 19, 2026",135,0:00:00
2025-11-27,NaC_nHYXt58,아이의 창의력이 깨어나는 시간: 퀘스터즈 에디슨 편 | 넥스페리움 아카데미 | 퀘스터즈 호기심 탐험대,"Mar 19, 2026",135,0:00:00
2025-11-28,NaC_nHYXt58,아이의 창의력이 깨어나는 시간: 퀘스터즈 에디슨 편 | 넥스페리움 아카데미 | 퀘스터즈 호기심 탐험대,"Mar 19, 2026",135,0:00:00
2025-11-29,NaC_nHYXt58,아이의 창의력이 깨어나는 시간: 퀘스터즈 에디슨 편 | 넥스페리움 아카데미 | 퀘스터즈 호기심 탐험대,"Mar 19, 2026",135,0:00:00
2025-11-30,NaC_nHYXt58,아이의 창의력이 깨어나는 시간: 퀘스터즈 에디슨 편 | 넥스페리움 아카데미 | 퀘스터즈 호기심 탐험대,"Mar 19, 2026",135,0:00:00
2025-12-01,NaC_nHYXt58,아이의 창의력이 깨어나는 시간: 퀘스터즈 에디슨 편 | 넥스페리움 아카데미 | 퀘스터즈 호기심 탐험대,"Mar 19, 2026",135,0:00:00
2025-12-02,NaC_nHYXt58,아이의 창의력이 깨어나는 시간: 퀘스터즈 에디슨 편 | 넥스페리움 아카데미 | 퀘스터즈 호기심 탐험대,"Mar 19, 2026",135,0:00:00
2025-12-03,NaC_nHYXt58,아이의 창의력이 깨어나는 시간: 퀘스터즈 에디슨 편 | 넥스페리움 아카데미 | 퀘스터즈 호기심 탐험대,"Mar 19, 2026",135,0:00:00
2025-12-04,NaC_nHYXt58,아이의 창의력이 깨어나는 시간: 퀘스터즈 에디슨 편 | 넥스페리움 아카데미 | 퀘스터즈 호기심 탐험대,"Mar 19, 2026",135,0:00:00
2025-12-05,NaC_nHYXt58,아이의 창의력이 깨어나는 시간: 퀘스터즈 에디슨 편 | 넥스페리움 아카데미 | 퀘스터즈 호기심 탐험대,"Mar 19, 2026",135,0:00:00
2025-12-06,NaC_nHYXt58,아이의 창의력이 깨어나는 시간: 퀘스터즈 에디슨 편 | 넥스페리움 아카데미 | 퀘스터즈 호기심 탐험대,"Mar 19, 2026",135,0:00:00
2025-12-07,NaC_nHYXt58,아이의 창의력이 깨어나는 시간: 퀘스터즈 에디슨 편 | 넥스페리움 아카데미 | 퀘스터즈 호기심 탐험대,"Mar 19, 2026",135,0:00:00
2025-12-08,NaC_nHYXt58,아이의 창의력이 깨어나는 시간: 퀘스터즈 에디슨 편 | 넥스페리움 아카데미 | 퀘스터즈 호기심 탐험대,"Mar 19, 2026",135,0:00:00
2025-12-09,NaC_nHYXt58,아이의 창의력이 깨어나는 시간: 퀘스터즈 에디슨 편 | 넥스페리움 아카데미 | 퀘스터즈 호기심 탐험대,"Mar 19, 2026",135,0:00:00
2025-12-10,NaC_nHYXt58,아이의 창의력이 깨어나는 시간: 퀘스터즈 에디슨 편 | 넥스페리움 아카데미 | 퀘스터즈 호기심 탐험대,"Mar 19, 2026",135,0:00:00
2025-12-11,NaC_nHYXt58,아이의 창의력이 깨어나는 시간: 퀘스터즈 에디슨 편 | 넥스페리움 아카데미 | 퀘스터즈 호기심 탐험대,"Mar 19, 2026",135,0:00:00
2025-12-12,NaC_nHYXt58,아이의 창의력이 깨어나는 시간: 퀘스터즈 에디슨 편 | 넥스페리움 아카데미 | 퀘스터즈 호기심 탐험대,"Mar 19, 2026",135,0:00:00
2025-12-13,NaC_nHYXt58,아이의 창의력이 깨어나는 시간: 퀘스터즈 에디슨 편 | 넥스페리움 아카데미 | 퀘스터즈 호기심 탐험대,"Mar 19, 2026",135,0:00:00
2025-12-14,NaC_nHYXt58,아이의 창의력이 깨어나는 시간: 퀘스터즈 에디슨 편 | 넥스페리움 아카데미 | 퀘스터즈 호기심 탐험대,"Mar 19, 2026",135,0:00:00
2025-12-15,NaC_nHYXt58,아이의 창의력이 깨어나는 시간: 퀘스터즈 에디슨 편 | 넥스페리움 아카데미 | 퀘스터즈 호기심 탐험대,"Mar 19, 2026",135,0:00:00
2025-12-16,NaC_nHYXt58,아이의 창의력이 깨어나는 시간: 퀘스터즈 에디슨 편 | 넥스페리움 아카데미 | 퀘스터즈 호기심 탐험대,"Mar 19, 2026",135,0:00:00
2025-12-17,NaC_nHYXt58,아이의 창의력이 깨어나는 시간: 퀘스터즈 에디슨 편 | 넥스페리움 아카데미 | 퀘스터즈 호기심 탐험대,"Mar 19, 2026",135,0:00:00
2025-12-18,NaC_nHYXt58,아이의 창의력이 깨어나는 시간: 퀘스터즈 에디슨 편 | 넥스페리움 아카데미 | 퀘스터즈 호기심 탐험대,"Mar 19, 2026",135,0:00:00
2025-12-19,NaC_nHYXt58,아이의 창의력이 깨어나는 시간: 퀘스터즈 에디슨 편 | 넥스페리움 아카데미 | 퀘스터즈 호기심 탐험대,"Mar 19, 2026",135,0:00:00
2025-12-20,NaC_nHYXt58,아이의 창의력이 깨어나는 시간: 퀘스터즈 에디슨 편 | 넥스페리움 아카데미 | 퀘스터즈 호기심 탐험대,"Mar 19, 2026",135,0:00:00
2025-12-21,NaC_nHYXt58,아이의 창의력이 깨어나는 시간: 퀘스터즈 에디슨 편 | 넥스페리움 아카데미 | 퀘스터즈 호기심 탐험대,"Mar 19, 2026",135,0:00:00
2025-12-22,NaC_nHYXt58,아이의 창의력이 깨어나는 시간: 퀘스터즈 에디슨 편 | 넥스페리움 아카데미 | 퀘스터즈 호기심 탐험대,"Mar 19, 2026",135,0:00:00
2025-12-23,NaC_nHYXt58,아이의 창의력이 깨어나는 시간: 퀘스터즈 에디슨 편 | 넥스페리움 아카데미 | 퀘스터즈 호기심 탐험대,"Mar 19, 2026",135,0:00:00
2025-12-24,NaC_nHYXt58,아이의 창의력이 깨어나는 시간: 퀘스터즈 에디슨 편 | 넥스페리움 아카데미 | 퀘스터즈 호기심 탐험대,"Mar 19, 2026",135,0:00:00
2025-12-25,NaC_nHYXt58,아이의 창의력이 깨어나는 시간: 퀘스터즈 에디슨 편 | 넥스페리움 아카데미 | 퀘스터즈 호기심 탐험대,"Mar 19, 2026",135,0:00:00
2025-12-26,NaC_nHYXt58,아이의 창의력이 깨어나는 시간: 퀘스터즈 에디슨 편 | 넥스페리움 아카데미 | 퀘스터즈 호기심 탐험대,"Mar 19, 2026",135,0:00:00
2025-12-27,NaC_nHYXt58,아이의 창의력이 깨어나는 시간: 퀘스터즈 에디슨 편 | 넥스페리움 아카데미 | 퀘스터즈 호기심 탐험대,"Mar 19, 2026",135,0:00:00
2025-12-28,NaC_nHYXt58,아이의 창의력이 깨어나는 시간: 퀘스터즈 에디슨 편 | 넥스페리움 아카데미 | 퀘스터즈 호기심 탐험대,"Mar 19, 2026",135,0:00:00
2025-12-29,NaC_nHYXt58,아이의 창의력이 깨어나는 시간: 퀘스터즈 에디슨 편 | 넥스페리움 아카데미 | 퀘스터즈 호기심 탐험대,"Mar 19, 2026",135,0:00:00
2025-12-30,NaC_nHYXt58,아이의 창의력이 깨어나는 시간: 퀘스터즈 에디슨 편 | 넥스페리움 아카데미 | 퀘스터즈 호기심 탐험대,"Mar 19, 2026",135,0:00:00
2025-12-31,NaC_nHYXt58,아이의 창의력이 깨어나는 시간: 퀘스터즈 에디슨 편 | 넥스페리움 아카데미 | 퀘스터즈 호기심 탐험대,"Mar 19, 2026",135,0:00:00
2026-01-01,NaC_nHYXt58,아이의 창의력이 깨어나는 시간: 퀘스터즈 에디슨 편 | 넥스페리움 아카데미 | 퀘스터즈 호기심 탐험대,"Mar 19, 2026",135,0:00:00
2026-01-02,NaC_nHYXt58,아이의 창의력이 깨어나는 시간: 퀘스터즈 에디슨 편 | 넥스페리움 아카데미 | 퀘스터즈 호기심 탐험대,"Mar 19, 2026",135,0:00:00
2026-01-03,NaC_nHYXt58,아이의 창의력이 깨어나는 시간: 퀘스터즈 에디슨 편 | 넥스페리움 아카데미 | 퀘스터즈 호기심 탐험대,"Mar 19, 2026",135,0:00:00
2026-01-04,NaC_nHYXt58,아이의 창의력이 깨어나는 시간: 퀘스터즈 에디슨 편 | 넥스페리움 아카데미 | 퀘스터즈 호기심 탐험대,"Mar 19, 2026",135,0:00:00
2026-01-05,NaC_nHYXt58,아이의 창의력이 깨어나는 시간: 퀘스터즈 에디슨 편 | 넥스페리움 아카데미 | 퀘스터즈 호기심 탐험대,"Mar 19, 2026",135,0:00:00
2026-01-06,NaC_nHYXt58,아이의 창의력이 깨어나는 시간: 퀘스터즈 에디슨 편 | 넥스페리움 아카데미 | 퀘스터즈 호기심 탐험대,"Mar 19, 2026",135,0:00:00
2026-01-07,NaC_nHYXt58,아이의 창의력이 깨어나는 시간: 퀘스터즈 에디슨 편 | 넥스페리움 아카데미 | 퀘스터즈 호기심 탐험대,"Mar 19, 2026",135,0:00:00
2026-01-08,NaC_nHYXt58,아이의 창의력이 깨어나는 시간: 퀘스터즈 에디슨 편 | 넥스페리움 아카데미 | 퀘스터즈 호기심 탐험대,"Mar 19, 2026",135,0:00:00
2026-01-09,NaC_nHYXt58,아이의 창의력이 깨어나는 시간: 퀘스터즈 에디슨 편 | 넥스페리움 아카데미 | 퀘스터즈 호기심 탐험대,"Mar 19, 2026",135,0:00:00
2026-01-10,NaC_nHYXt58,아이의 창의력이 깨어나는 시간: 퀘스터즈 에디슨 편 | 넥스페리움 아카데미 | 퀘스터즈 호기심 탐험대,"Mar 19, 2026",135,0:00:00
2026-01-11,NaC_nHYXt58,아이의 창의력이 깨어나는 시간: 퀘스터즈 에디슨 편 | 넥스페리움 아카데미 | 퀘스터즈 호기심 탐험대,"Mar 19, 2026",135,0:00:00
2026-01-12,NaC_nHYXt58,아이의 창의력이 깨어나는 시간: 퀘스터즈 에디슨 편 | 넥스페리움 아카데미 | 퀘스터즈 호기심 탐험대,"Mar 19, 2026",135,0:00:00
2026-01-13,NaC_nHYXt58,아이의 창의력이 깨어나는 시간: 퀘스터즈 에디슨 편 | 넥스페리움 아카데미 | 퀘스터즈 호기심 탐험대,"Mar 19, 2026",135,0:00:00
2026-01-14,NaC_nHYXt58,아이의 창의력이 깨어나는 시간: 퀘스터즈 에디슨 편 | 넥스페리움 아카데미 | 퀘스터즈 호기심 탐험대,"Mar 19, 2026",135,0:00:00
2026-01-15,NaC_nHYXt58,아이의 창의력이 깨어나는 시간: 퀘스터즈 에디슨 편 | 넥스페리움 아카데미 | 퀘스터즈 호기심 탐험대,"Mar 19, 2026",135,0:00:00
2026-01-16,NaC_nHYXt58,아이의 창의력이 깨어나는 시간: 퀘스터즈 에디슨 편 | 넥스페리움 아카데미 | 퀘스터즈 호기심 탐험대,"Mar 19, 2026",135,0:00:00
2026-01-17,NaC_nHYXt58,아이의 창의력이 깨어나는 시간: 퀘스터즈 에디슨 편 | 넥스페리움 아카데미 | 퀘스터즈 호기심 탐험대,"Mar 19, 2026",135,0:00:00
2026-01-18,NaC_nHYXt58,아이의 창의력이 깨어나는 시간: 퀘스터즈 에디슨 편 | 넥스페리움 아카데미 | 퀘스터즈 호기심 탐험대,"Mar 19, 2026",135,0:00:00
2026-01-19,NaC_nHYXt58,아이의 창의력이 깨어나는 시간: 퀘스터즈 에디슨 편 | 넥스페리움 아카데미 | 퀘스터즈 호기심 탐험대,"Mar 19, 2026",135,0:00:00
2026-01-20,NaC_nHYXt58,아이의 창의력이 깨어나는 시간: 퀘스터즈 에디슨 편 | 넥스페리움 아카데미 | 퀘스터즈 호기심 탐험대,"Mar 19, 2026",135,0:00:00
2026-01-21,NaC_nHYXt58,아이의 창의력이 깨어나는 시간: 퀘스터즈 에디슨 편 | 넥스페리움 아카데미 | 퀘스터즈 호기심 탐험대,"Mar 19, 2026",135,0:00:00
2026-01-22,NaC_nHYXt58,아이의 창의력이 깨어나는 시간: 퀘스터즈 에디슨 편 | 넥스페리움 아카데미 | 퀘스터즈 호기심 탐험대,"Mar 19, 2026",135,0:00:00
2026-01-23,NaC_nHYXt58,아이의 창의력이 깨어나는 시간: 퀘스터즈 에디슨 편 | 넥스페리움 아카데미 | 퀘스터즈 호기심 탐험대,"Mar 19, 2026",135,0:00:00
2026-01-24,NaC_nHYXt58,아이의 창의력이 깨어나는 시간: 퀘스터즈 에디슨 편 | 넥스페리움 아카데미 | 퀘스터즈 호기심 탐험대,"Mar 19, 2026",135,0:00:00
2026-01-25,NaC_nHYXt58,아이의 창의력이 깨어나는 시간: 퀘스터즈 에디슨 편 | 넥스페리움 아카데미 | 퀘스터즈 호기심 탐험대,"Mar 19, 2026",135,0:00:00
2026-01-26,NaC_nHYXt58,아이의 창의력이 깨어나는 시간: 퀘스터즈 에디슨 편 | 넥스페리움 아카데미 | 퀘스터즈 호기심 탐험대,"Mar 19, 2026",135,0:00:00
2026-01-27,NaC_nHYXt58,아이의 창의력이 깨어나는 시간: 퀘스터즈 에디슨 편 | 넥스페리움 아카데미 | 퀘스터즈 호기심 탐험대,"Mar 19, 2026",135,0:00:00
2026-01-28,NaC_nHYXt58,아이의 창의력이 깨어나는 시간: 퀘스터즈 에디슨 편 | 넥스페리움 아카데미 | 퀘스터즈 호기심 탐험대,"Mar 19, 2026",135,0:00:00
2026-01-29,NaC_nHYXt58,아이의 창의력이 깨어나는 시간: 퀘스터즈 에디슨 편 | 넥스페리움 아카데미 | 퀘스터즈 호기심 탐험대,"Mar 19, 2026",135,0:00:00
2026-01-30,NaC_nHYXt58,아이의 창의력이 깨어나는 시간: 퀘스터즈 에디슨 편 | 넥스페리움 아카데미 | 퀘스터즈 호기심 탐험대,"Mar 19, 2026",135,0:00:00
2026-01-31,NaC_nHYXt58,아이의 창의력이 깨어나는 시간: 퀘스터즈 에디슨 편 | 넥스페리움 아카데미 | 퀘스터즈 호기심 탐험대,"Mar 19, 2026",135,0:00:00
2026-02-01,NaC_nHYXt58,아이의 창의력이 깨어나는 시간: 퀘스터즈 에디슨 편 | 넥스페리움 아카데미 | 퀘스터즈 호기심 탐험대,"Mar 19, 2026",135,0:00:00
2026-02-02,NaC_nHYXt58,아이의 창의력이 깨어나는 시간: 퀘스터즈 에디슨 편 | 넥스페리움 아카데미 | 퀘스터즈 호기심 탐험대,"Mar 19, 2026",135,0:00:00
2026-02-03,NaC_nHYXt58,아이의 창의력이 깨어나는 시간: 퀘스터즈 에디슨 편 | 넥스페리움 아카데미 | 퀘스터즈 호기심 탐험대,"Mar 19, 2026",135,0:00:00
2026-02-04,NaC_nHYXt58,아이의 창의력이 깨어나는 시간: 퀘스터즈 에디슨 편 | 넥스페리움 아카데미 | 퀘스터즈 호기심 탐험대,"Mar 19, 2026",135,0:00:00
2026-02-05,NaC_nHYXt58,아이의 창의력이 깨어나는 시간: 퀘스터즈 에디슨 편 | 넥스페리움 아카데미 | 퀘스터즈 호기심 탐험대,"Mar 19, 2026",135,0:00:00
2026-02-06,NaC_nHYXt58,아이의 창의력이 깨어나는 시간: 퀘스터즈 에디슨 편 | 넥스페리움 아카데미 | 퀘스터즈 호기심 탐험대,"Mar 19, 2026",135,0:00:00
2026-02-07,NaC_nHYXt58,아이의 창의력이 깨어나는 시간: 퀘스터즈 에디슨 편 | 넥스페리움 아카데미 | 퀘스터즈 호기심 탐험대,"Mar 19, 2026",135,0:00:00
2026-02-08,NaC_nHYXt58,아이의 창의력이 깨어나는 시간: 퀘스터즈 에디슨 편 | 넥스페리움 아카데미 | 퀘스터즈 호기심 탐험대,"Mar 19, 2026",135,0:00:00
2026-02-09,NaC_nHYXt58,아이의 창의력이 깨어나는 시간: 퀘스터즈 에디슨 편 | 넥스페리움 아카데미 | 퀘스터즈 호기심 탐험대,"Mar 19, 2026",135,0:00:00
2026-02-10,NaC_nHYXt58,아이의 창의력이 깨어나는 시간: 퀘스터즈 에디슨 편 | 넥스페리움 아카데미 | 퀘스터즈 호기심 탐험대,"Mar 19, 2026",135,0:00:00
2026-02-11,NaC_nHYXt58,아이의 창의력이 깨어나는 시간: 퀘스터즈 에디슨 편 | 넥스페리움 아카데미 | 퀘스터즈 호기심 탐험대,"Mar 19, 2026",135,0:00:00
2026-02-12,NaC_nHYXt58,아이의 창의력이 깨어나는 시간: 퀘스터즈 에디슨 편 | 넥스페리움 아카데미 | 퀘스터즈 호기심 탐험대,"Mar 19, 2026",135,0:00:00
2026-02-13,NaC_nHYXt58,아이의 창의력이 깨어나는 시간: 퀘스터즈 에디슨 편 | 넥스페리움 아카데미 | 퀘스터즈 호기심 탐험대,"Mar 19, 2026",135,0:00:00
2026-02-14,NaC_nHYXt58,아이의 창의력이 깨어나는 시간: 퀘스터즈 에디슨 편 | 넥스페리움 아카데미 | 퀘스터즈 호기심 탐험대,"Mar 19, 2026",135,0:00:00
2026-02-15,NaC_nHYXt58,아이의 창의력이 깨어나는 시간: 퀘스터즈 에디슨 편 | 넥스페리움 아카데미 | 퀘스터즈 호기심 탐험대,"Mar 19, 2026",135,0:00:00
2026-02-16,NaC_nHYXt58,아이의 창의력이 깨어나는 시간: 퀘스터즈 에디슨 편 | 넥스페리움 아카데미 | 퀘스터즈 호기심 탐험대,"Mar 19, 2026",135,0:00:00
2026-02-17,NaC_nHYXt58,아이의 창의력이 깨어나는 시간: 퀘스터즈 에디슨 편 | 넥스페리움 아카데미 | 퀘스터즈 호기심 탐험대,"Mar 19, 2026",135,0:00:00
2026-02-18,NaC_nHYXt58,아이의 창의력이 깨어나는 시간: 퀘스터즈 에디슨 편 | 넥스페리움 아카데미 | 퀘스터즈 호기심 탐험대,"Mar 19, 2026",135,0:00:00
2026-02-19,NaC_nHYXt58,아이의 창의력이 깨어나는 시간: 퀘스터즈 에디슨 편 | 넥스페리움 아카데미 | 퀘스터즈 호기심 탐험대,"Mar 19, 2026",135,0:00:00
2026-02-20,NaC_nHYXt58,아이의 창의력이 깨어나는 시간: 퀘스터즈 에디슨 편 | 넥스페리움 아카데미 | 퀘스터즈 호기심 탐험대,"Mar 19, 2026",135,0:00:00
2026-02-21,NaC_nHYXt58,아이의 창의력이 깨어나는 시간: 퀘스터즈 에디슨 편 | 넥스페리움 아카데미 | 퀘스터즈 호기심 탐험대,"Mar 19, 2026",135,0:00:00
2026-02-22,NaC_nHYXt58,아이의 창의력이 깨어나는 시간: 퀘스터즈 에디슨 편 | 넥스페리움 아카데미 | 퀘스터즈 호기심 탐험대,"Mar 19, 2026",135,0:00:00
2026-02-23,NaC_nHYXt58,아이의 창의력이 깨어나는 시간: 퀘스터즈 에디슨 편 | 넥스페리움 아카데미 | 퀘스터즈 호기심 탐험대,"Mar 19, 2026",135,0:00:00
2026-02-24,NaC_nHYXt58,아이의 창의력이 깨어나는 시간: 퀘스터즈 에디슨 편 | 넥스페리움 아카데미 | 퀘스터즈 호기심 탐험대,"Mar 19, 2026",135,0:00:00
2026-02-25,NaC_nHYXt58,아이의 창의력이 깨어나는 시간: 퀘스터즈 에디슨 편 | 넥스페리움 아카데미 | 퀘스터즈 호기심 탐험대,"Mar 19, 2026",135,0:00:00
2026-02-26,NaC_nHYXt58,아이의 창의력이 깨어나는 시간: 퀘스터즈 에디슨 편 | 넥스페리움 아카데미 | 퀘스터즈 호기심 탐험대,"Mar 19, 2026",135,0:00:00
2026-02-27,NaC_nHYXt58,아이의 창의력이 깨어나는 시간: 퀘스터즈 에디슨 편 | 넥스페리움 아카데미 | 퀘스터즈 호기심 탐험대,"Mar 19, 2026",135,0:00:00
2026-02-28,NaC_nHYXt58,아이의 창의력이 깨어나는 시간: 퀘스터즈 에디슨 편 | 넥스페리움 아카데미 | 퀘스터즈 호기심 탐험대,"Mar 19, 2026",135,0:00:00
2026-03-01,NaC_nHYXt58,아이의 창의력이 깨어나는 시간: 퀘스터즈 에디슨 편 | 넥스페리움 아카데미 | 퀘스터즈 호기심 탐험대,"Mar 19, 2026",135,0:00:00
2026-03-02,NaC_nHYXt58,아이의 창의력이 깨어나는 시간: 퀘스터즈 에디슨 편 | 넥스페리움 아카데미 | 퀘스터즈 호기심 탐험대,"Mar 19, 2026",135,0:00:00
2026-03-03,NaC_nHYXt58,아이의 창의력이 깨어나는 시간: 퀘스터즈 에디슨 편 | 넥스페리움 아카데미 | 퀘스터즈 호기심 탐험대,"Mar 19, 2026",135,0:00:00
2026-03-04,NaC_nHYXt58,아이의 창의력이 깨어나는 시간: 퀘스터즈 에디슨 편 | 넥스페리움 아카데미 | 퀘스터즈 호기심 탐험대,"Mar 19, 2026",135,0:00:00
2026-03-05,NaC_nHYXt58,아이의 창의력이 깨어나는 시간: 퀘스터즈 에디슨 편 | 넥스페리움 아카데미 | 퀘스터즈 호기심 탐험대,"Mar 19, 2026",135,0:00:00
2026-03-06,NaC_nHYXt58,아이의 창의력이 깨어나는 시간: 퀘스터즈 에디슨 편 | 넥스페리움 아카데미 | 퀘스터즈 호기심 탐험대,"Mar 19, 2026",135,0:00:00
2026-03-07,NaC_nHYXt58,아이의 창의력이 깨어나는 시간: 퀘스터즈 에디슨 편 | 넥스페리움 아카데미 | 퀘스터즈 호기심 탐험대,"Mar 19, 2026",135,0:00:00
2026-03-08,NaC_nHYXt58,아이의 창의력이 깨어나는 시간: 퀘스터즈 에디슨 편 | 넥스페리움 아카데미 | 퀘스터즈 호기심 탐험대,"Mar 19, 2026",135,0:00:00
2026-03-09,NaC_nHYXt58,아이의 창의력이 깨어나는 시간: 퀘스터즈 에디슨 편 | 넥스페리움 아카데미 | 퀘스터즈 호기심 탐험대,"Mar 19, 2026",135,0:00:00
2026-03-10,NaC_nHYXt58,아이의 창의력이 깨어나는 시간: 퀘스터즈 에디슨 편 | 넥스페리움 아카데미 | 퀘스터즈 호기심 탐험대,"Mar 19, 2026",135,0:00:00
2026-03-11,NaC_nHYXt58,아이의 창의력이 깨어나는 시간: 퀘스터즈 에디슨 편 | 넥스페리움 아카데미 | 퀘스터즈 호기심 탐험대,"Mar 19, 2026",135,0:00:00
2026-03-12,NaC_nHYXt58,아이의 창의력이 깨어나는 시간: 퀘스터즈 에디슨 편 | 넥스페리움 아카데미 | 퀘스터즈 호기심 탐험대,"Mar 19, 2026",135,0:00:00
2026-03-13,NaC_nHYXt58,아이의 창의력이 깨어나는 시간: 퀘스터즈 에디슨 편 | 넥스페리움 아카데미 | 퀘스터즈 호기심 탐험대,"Mar 19, 2026",135,0:00:00
2026-03-14,NaC_nHYXt58,아이의 창의력이 깨어나는 시간: 퀘스터즈 에디슨 편 | 넥스페리움 아카데미 | 퀘스터즈 호기심 탐험대,"Mar 19, 2026",135,0:00:00
2026-03-15,NaC_nHYXt58,아이의 창의력이 깨어나는 시간: 퀘스터즈 에디슨 편 | 넥스페리움 아카데미 | 퀘스터즈 호기심 탐험대,"Mar 19, 2026",135,0:00:00
2026-03-16,NaC_nHYXt58,아이의 창의력이 깨어나는 시간: 퀘스터즈 에디슨 편 | 넥스페리움 아카데미 | 퀘스터즈 호기심 탐험대,"Mar 19, 2026",135,0:00:00
2026-03-17,NaC_nHYXt58,아이의 창의력이 깨어나는 시간: 퀘스터즈 에디슨 편 | 넥스페리움 아카데미 | 퀘스터즈 호기심 탐험대,"Mar 19, 2026",135,0:00:00
2026-03-18,NaC_nHYXt58,아이의 창의력이 깨어나는 시간: 퀘스터즈 에디슨 편 | 넥스페리움 아카데미 | 퀘스터즈 호기심 탐험대,"Mar 19, 2026",135,0:00:00
2026-03-19,NaC_nHYXt58,아이의 창의력이 깨어나는 시간: 퀘스터즈 에디슨 편 | 넥스페리움 아카데미 | 퀘스터즈 호기심 탐험대,"Mar 19, 2026",135,0:00:13
2026-03-20,NaC_nHYXt58,아이의 창의력이 깨어나는 시간: 퀘스터즈 에디슨 편 | 넥스페리움 아카데미 | 퀘스터즈 호기심 탐험대,"Mar 19, 2026",135,0:00:00
2026-03-21,NaC_nHYXt58,아이의 창의력이 깨어나는 시간: 퀘스터즈 에디슨 편 | 넥스페리움 아카데미 | 퀘스터즈 호기심 탐험대,"Mar 19, 2026",135,0:00:00
2026-03-22,NaC_nHYXt58,아이의 창의력이 깨어나는 시간: 퀘스터즈 에디슨 편 | 넥스페리움 아카데미 | 퀘스터즈 호기심 탐험대,"Mar 19, 2026",135,0:00:00
2026-03-23,NaC_nHYXt58,아이의 창의력이 깨어나는 시간: 퀘스터즈 에디슨 편 | 넥스페리움 아카데미 | 퀘스터즈 호기심 탐험대,"Mar 19, 2026",135,0:00:00
2026-03-24,NaC_nHYXt58,아이의 창의력이 깨어나는 시간: 퀘스터즈 에디슨 편 | 넥스페리움 아카데미 | 퀘스터즈 호기심 탐험대,"Mar 19, 2026",135,0:02:20
2026-03-25,NaC_nHYXt58,아이의 창의력이 깨어나는 시간: 퀘스터즈 에디슨 편 | 넥스페리움 아카데미 | 퀘스터즈 호기심 탐험대,"Mar 19, 2026",135,0:00:00
2026-03-26,NaC_nHYXt58,아이의 창의력이 깨어나는 시간: 퀘스터즈 에디슨 편 | 넥스페리움 아카데미 | 퀘스터즈 호기심 탐험대,"Mar 19, 2026",135,0:01:30
2026-03-27,NaC_nHYXt58,아이의 창의력이 깨어나는 시간: 퀘스터즈 에디슨 편 | 넥스페리움 아카데미 | 퀘스터즈 호기심 탐험대,"Mar 19, 2026",135,0:00:00
2026-03-28,NaC_nHYXt58,아이의 창의력이 깨어나는 시간: 퀘스터즈 에디슨 편 | 넥스페리움 아카데미 | 퀘스터즈 호기심 탐험대,"Mar 19, 2026",135,0:00:00
2026-03-29,NaC_nHYXt58,아이의 창의력이 깨어나는 시간: 퀘스터즈 에디슨 편 | 넥스페리움 아카데미 | 퀘스터즈 호기심 탐험대,"Mar 19, 2026",135,0:00:07
2026-03-30,NaC_nHYXt58,아이의 창의력이 깨어나는 시간: 퀘스터즈 에디슨 편 | 넥스페리움 아카데미 | 퀘스터즈 호기심 탐험대,"Mar 19, 2026",135,0:00:00
2025-09-21,OB7DxSPyAg4,로지 위에 퍼지 얹기 🐰☘🐇 #퀘스터즈 #캐릭터 #타이밍 #타이밍맞춰 #맞추기,"Mar 27, 2026",5,0:00:00
2025-09-22,OB7DxSPyAg4,로지 위에 퍼지 얹기 🐰☘🐇 #퀘스터즈 #캐릭터 #타이밍 #타이밍맞춰 #맞추기,"Mar 27, 2026",5,0:00:00
2025-09-23,OB7DxSPyAg4,로지 위에 퍼지 얹기 🐰☘🐇 #퀘스터즈 #캐릭터 #타이밍 #타이밍맞춰 #맞추기,"Mar 27, 2026",5,0:00:00
2025-09-24,OB7DxSPyAg4,로지 위에 퍼지 얹기 🐰☘🐇 #퀘스터즈 #캐릭터 #타이밍 #타이밍맞춰 #맞추기,"Mar 27, 2026",5,0:00:00
2025-09-25,OB7DxSPyAg4,로지 위에 퍼지 얹기 🐰☘🐇 #퀘스터즈 #캐릭터 #타이밍 #타이밍맞춰 #맞추기,"Mar 27, 2026",5,0:00:00
2025-09-26,OB7DxSPyAg4,로지 위에 퍼지 얹기 🐰☘🐇 #퀘스터즈 #캐릭터 #타이밍 #타이밍맞춰 #맞추기,"Mar 27, 2026",5,0:00:00
2025-09-27,OB7DxSPyAg4,로지 위에 퍼지 얹기 🐰☘🐇 #퀘스터즈 #캐릭터 #타이밍 #타이밍맞춰 #맞추기,"Mar 27, 2026",5,0:00:00
2025-09-28,OB7DxSPyAg4,로지 위에 퍼지 얹기 🐰☘🐇 #퀘스터즈 #캐릭터 #타이밍 #타이밍맞춰 #맞추기,"Mar 27, 2026",5,0:00:00
2025-09-29,OB7DxSPyAg4,로지 위에 퍼지 얹기 🐰☘🐇 #퀘스터즈 #캐릭터 #타이밍 #타이밍맞춰 #맞추기,"Mar 27, 2026",5,0:00:00
2025-09-30,OB7DxSPyAg4,로지 위에 퍼지 얹기 🐰☘🐇 #퀘스터즈 #캐릭터 #타이밍 #타이밍맞춰 #맞추기,"Mar 27, 2026",5,0:00:00
2025-10-01,OB7DxSPyAg4,로지 위에 퍼지 얹기 🐰☘🐇 #퀘스터즈 #캐릭터 #타이밍 #타이밍맞춰 #맞추기,"Mar 27, 2026",5,0:00:00
2025-10-02,OB7DxSPyAg4,로지 위에 퍼지 얹기 🐰☘🐇 #퀘스터즈 #캐릭터 #타이밍 #타이밍맞춰 #맞추기,"Mar 27, 2026",5,0:00:00
2025-10-03,OB7DxSPyAg4,로지 위에 퍼지 얹기 🐰☘🐇 #퀘스터즈 #캐릭터 #타이밍 #타이밍맞춰 #맞추기,"Mar 27, 2026",5,0:00:00
2025-10-04,OB7DxSPyAg4,로지 위에 퍼지 얹기 🐰☘🐇 #퀘스터즈 #캐릭터 #타이밍 #타이밍맞춰 #맞추기,"Mar 27, 2026",5,0:00:00
2025-10-05,OB7DxSPyAg4,로지 위에 퍼지 얹기 🐰☘🐇 #퀘스터즈 #캐릭터 #타이밍 #타이밍맞춰 #맞추기,"Mar 27, 2026",5,0:00:00
2025-10-06,OB7DxSPyAg4,로지 위에 퍼지 얹기 🐰☘🐇 #퀘스터즈 #캐릭터 #타이밍 #타이밍맞춰 #맞추기,"Mar 27, 2026",5,0:00:00
2025-10-07,OB7DxSPyAg4,로지 위에 퍼지 얹기 🐰☘🐇 #퀘스터즈 #캐릭터 #타이밍 #타이밍맞춰 #맞추기,"Mar 27, 2026",5,0:00:00
2025-10-08,OB7DxSPyAg4,로지 위에 퍼지 얹기 🐰☘🐇 #퀘스터즈 #캐릭터 #타이밍 #타이밍맞춰 #맞추기,"Mar 27, 2026",5,0:00:00
2025-10-09,OB7DxSPyAg4,로지 위에 퍼지 얹기 🐰☘🐇 #퀘스터즈 #캐릭터 #타이밍 #타이밍맞춰 #맞추기,"Mar 27, 2026",5,0:00:00
2025-10-10,OB7DxSPyAg4,로지 위에 퍼지 얹기 🐰☘🐇 #퀘스터즈 #캐릭터 #타이밍 #타이밍맞춰 #맞추기,"Mar 27, 2026",5,0:00:00
2025-10-11,OB7DxSPyAg4,로지 위에 퍼지 얹기 🐰☘🐇 #퀘스터즈 #캐릭터 #타이밍 #타이밍맞춰 #맞추기,"Mar 27, 2026",5,0:00:00
2025-10-12,OB7DxSPyAg4,로지 위에 퍼지 얹기 🐰☘🐇 #퀘스터즈 #캐릭터 #타이밍 #타이밍맞춰 #맞추기,"Mar 27, 2026",5,0:00:00
2025-10-13,OB7DxSPyAg4,로지 위에 퍼지 얹기 🐰☘🐇 #퀘스터즈 #캐릭터 #타이밍 #타이밍맞춰 #맞추기,"Mar 27, 2026",5,0:00:00
2025-10-14,OB7DxSPyAg4,로지 위에 퍼지 얹기 🐰☘🐇 #퀘스터즈 #캐릭터 #타이밍 #타이밍맞춰 #맞추기,"Mar 27, 2026",5,0:00:00
2025-10-15,OB7DxSPyAg4,로지 위에 퍼지 얹기 🐰☘🐇 #퀘스터즈 #캐릭터 #타이밍 #타이밍맞춰 #맞추기,"Mar 27, 2026",5,0:00:00
2025-10-16,OB7DxSPyAg4,로지 위에 퍼지 얹기 🐰☘🐇 #퀘스터즈 #캐릭터 #타이밍 #타이밍맞춰 #맞추기,"Mar 27, 2026",5,0:00:00
2025-10-17,OB7DxSPyAg4,로지 위에 퍼지 얹기 🐰☘🐇 #퀘스터즈 #캐릭터 #타이밍 #타이밍맞춰 #맞추기,"Mar 27, 2026",5,0:00:00
2025-10-18,OB7DxSPyAg4,로지 위에 퍼지 얹기 🐰☘🐇 #퀘스터즈 #캐릭터 #타이밍 #타이밍맞춰 #맞추기,"Mar 27, 2026",5,0:00:00
2025-10-19,OB7DxSPyAg4,로지 위에 퍼지 얹기 🐰☘🐇 #퀘스터즈 #캐릭터 #타이밍 #타이밍맞춰 #맞추기,"Mar 27, 2026",5,0:00:00
2025-10-20,OB7DxSPyAg4,로지 위에 퍼지 얹기 🐰☘🐇 #퀘스터즈 #캐릭터 #타이밍 #타이밍맞춰 #맞추기,"Mar 27, 2026",5,0:00:00
2025-10-21,OB7DxSPyAg4,로지 위에 퍼지 얹기 🐰☘🐇 #퀘스터즈 #캐릭터 #타이밍 #타이밍맞춰 #맞추기,"Mar 27, 2026",5,0:00:00
2025-10-22,OB7DxSPyAg4,로지 위에 퍼지 얹기 🐰☘🐇 #퀘스터즈 #캐릭터 #타이밍 #타이밍맞춰 #맞추기,"Mar 27, 2026",5,0:00:00
2025-10-23,OB7DxSPyAg4,로지 위에 퍼지 얹기 🐰☘🐇 #퀘스터즈 #캐릭터 #타이밍 #타이밍맞춰 #맞추기,"Mar 27, 2026",5,0:00:00
2025-10-24,OB7DxSPyAg4,로지 위에 퍼지 얹기 🐰☘🐇 #퀘스터즈 #캐릭터 #타이밍 #타이밍맞춰 #맞추기,"Mar 27, 2026",5,0:00:00
2025-10-25,OB7DxSPyAg4,로지 위에 퍼지 얹기 🐰☘🐇 #퀘스터즈 #캐릭터 #타이밍 #타이밍맞춰 #맞추기,"Mar 27, 2026",5,0:00:00
2025-10-26,OB7DxSPyAg4,로지 위에 퍼지 얹기 🐰☘🐇 #퀘스터즈 #캐릭터 #타이밍 #타이밍맞춰 #맞추기,"Mar 27, 2026",5,0:00:00
2025-10-27,OB7DxSPyAg4,로지 위에 퍼지 얹기 🐰☘🐇 #퀘스터즈 #캐릭터 #타이밍 #타이밍맞춰 #맞추기,"Mar 27, 2026",5,0:00:00
2025-10-28,OB7DxSPyAg4,로지 위에 퍼지 얹기 🐰☘🐇 #퀘스터즈 #캐릭터 #타이밍 #타이밍맞춰 #맞추기,"Mar 27, 2026",5,0:00:00
2025-10-29,OB7DxSPyAg4,로지 위에 퍼지 얹기 🐰☘🐇 #퀘스터즈 #캐릭터 #타이밍 #타이밍맞춰 #맞추기,"Mar 27, 2026",5,0:00:00
2025-10-30,OB7DxSPyAg4,로지 위에 퍼지 얹기 🐰☘🐇 #퀘스터즈 #캐릭터 #타이밍 #타이밍맞춰 #맞추기,"Mar 27, 2026",5,0:00:00
2025-10-31,OB7DxSPyAg4,로지 위에 퍼지 얹기 🐰☘🐇 #퀘스터즈 #캐릭터 #타이밍 #타이밍맞춰 #맞추기,"Mar 27, 2026",5,0:00:00
2025-11-01,OB7DxSPyAg4,로지 위에 퍼지 얹기 🐰☘🐇 #퀘스터즈 #캐릭터 #타이밍 #타이밍맞춰 #맞추기,"Mar 27, 2026",5,0:00:00
2025-11-02,OB7DxSPyAg4,로지 위에 퍼지 얹기 🐰☘🐇 #퀘스터즈 #캐릭터 #타이밍 #타이밍맞춰 #맞추기,"Mar 27, 2026",5,0:00:00
2025-11-03,OB7DxSPyAg4,로지 위에 퍼지 얹기 🐰☘🐇 #퀘스터즈 #캐릭터 #타이밍 #타이밍맞춰 #맞추기,"Mar 27, 2026",5,0:00:00
2025-11-04,OB7DxSPyAg4,로지 위에 퍼지 얹기 🐰☘🐇 #퀘스터즈 #캐릭터 #타이밍 #타이밍맞춰 #맞추기,"Mar 27, 2026",5,0:00:00
2025-11-05,OB7DxSPyAg4,로지 위에 퍼지 얹기 🐰☘🐇 #퀘스터즈 #캐릭터 #타이밍 #타이밍맞춰 #맞추기,"Mar 27, 2026",5,0:00:00
2025-11-06,OB7DxSPyAg4,로지 위에 퍼지 얹기 🐰☘🐇 #퀘스터즈 #캐릭터 #타이밍 #타이밍맞춰 #맞추기,"Mar 27, 2026",5,0:00:00
2025-11-07,OB7DxSPyAg4,로지 위에 퍼지 얹기 🐰☘🐇 #퀘스터즈 #캐릭터 #타이밍 #타이밍맞춰 #맞추기,"Mar 27, 2026",5,0:00:00
2025-11-08,OB7DxSPyAg4,로지 위에 퍼지 얹기 🐰☘🐇 #퀘스터즈 #캐릭터 #타이밍 #타이밍맞춰 #맞추기,"Mar 27, 2026",5,0:00:00
2025-11-09,OB7DxSPyAg4,로지 위에 퍼지 얹기 🐰☘🐇 #퀘스터즈 #캐릭터 #타이밍 #타이밍맞춰 #맞추기,"Mar 27, 2026",5,0:00:00
2025-11-10,OB7DxSPyAg4,로지 위에 퍼지 얹기 🐰☘🐇 #퀘스터즈 #캐릭터 #타이밍 #타이밍맞춰 #맞추기,"Mar 27, 2026",5,0:00:00
2025-11-11,OB7DxSPyAg4,로지 위에 퍼지 얹기 🐰☘🐇 #퀘스터즈 #캐릭터 #타이밍 #타이밍맞춰 #맞추기,"Mar 27, 2026",5,0:00:00
2025-11-12,OB7DxSPyAg4,로지 위에 퍼지 얹기 🐰☘🐇 #퀘스터즈 #캐릭터 #타이밍 #타이밍맞춰 #맞추기,"Mar 27, 2026",5,0:00:00
2025-11-13,OB7DxSPyAg4,로지 위에 퍼지 얹기 🐰☘🐇 #퀘스터즈 #캐릭터 #타이밍 #타이밍맞춰 #맞추기,"Mar 27, 2026",5,0:00:00
2025-11-14,OB7DxSPyAg4,로지 위에 퍼지 얹기 🐰☘🐇 #퀘스터즈 #캐릭터 #타이밍 #타이밍맞춰 #맞추기,"Mar 27, 2026",5,0:00:00
2025-11-15,OB7DxSPyAg4,로지 위에 퍼지 얹기 🐰☘🐇 #퀘스터즈 #캐릭터 #타이밍 #타이밍맞춰 #맞추기,"Mar 27, 2026",5,0:00:00
2025-11-16,OB7DxSPyAg4,로지 위에 퍼지 얹기 🐰☘🐇 #퀘스터즈 #캐릭터 #타이밍 #타이밍맞춰 #맞추기,"Mar 27, 2026",5,0:00:00
2025-11-17,OB7DxSPyAg4,로지 위에 퍼지 얹기 🐰☘🐇 #퀘스터즈 #캐릭터 #타이밍 #타이밍맞춰 #맞추기,"Mar 27, 2026",5,0:00:00
2025-11-18,OB7DxSPyAg4,로지 위에 퍼지 얹기 🐰☘🐇 #퀘스터즈 #캐릭터 #타이밍 #타이밍맞춰 #맞추기,"Mar 27, 2026",5,0:00:00
2025-11-19,OB7DxSPyAg4,로지 위에 퍼지 얹기 🐰☘🐇 #퀘스터즈 #캐릭터 #타이밍 #타이밍맞춰 #맞추기,"Mar 27, 2026",5,0:00:00
2025-11-20,OB7DxSPyAg4,로지 위에 퍼지 얹기 🐰☘🐇 #퀘스터즈 #캐릭터 #타이밍 #타이밍맞춰 #맞추기,"Mar 27, 2026",5,0:00:00
2025-11-21,OB7DxSPyAg4,로지 위에 퍼지 얹기 🐰☘🐇 #퀘스터즈 #캐릭터 #타이밍 #타이밍맞춰 #맞추기,"Mar 27, 2026",5,0:00:00
2025-11-22,OB7DxSPyAg4,로지 위에 퍼지 얹기 🐰☘🐇 #퀘스터즈 #캐릭터 #타이밍 #타이밍맞춰 #맞추기,"Mar 27, 2026",5,0:00:00
2025-11-23,OB7DxSPyAg4,로지 위에 퍼지 얹기 🐰☘🐇 #퀘스터즈 #캐릭터 #타이밍 #타이밍맞춰 #맞추기,"Mar 27, 2026",5,0:00:00
2025-11-24,OB7DxSPyAg4,로지 위에 퍼지 얹기 🐰☘🐇 #퀘스터즈 #캐릭터 #타이밍 #타이밍맞춰 #맞추기,"Mar 27, 2026",5,0:00:00
2025-11-25,OB7DxSPyAg4,로지 위에 퍼지 얹기 🐰☘🐇 #퀘스터즈 #캐릭터 #타이밍 #타이밍맞춰 #맞추기,"Mar 27, 2026",5,0:00:00
2025-11-26,OB7DxSPyAg4,로지 위에 퍼지 얹기 🐰☘🐇 #퀘스터즈 #캐릭터 #타이밍 #타이밍맞춰 #맞추기,"Mar 27, 2026",5,0:00:00
2025-11-27,OB7DxSPyAg4,로지 위에 퍼지 얹기 🐰☘🐇 #퀘스터즈 #캐릭터 #타이밍 #타이밍맞춰 #맞추기,"Mar 27, 2026",5,0:00:00
2025-11-28,OB7DxSPyAg4,로지 위에 퍼지 얹기 🐰☘🐇 #퀘스터즈 #캐릭터 #타이밍 #타이밍맞춰 #맞추기,"Mar 27, 2026",5,0:00:00
2025-11-29,OB7DxSPyAg4,로지 위에 퍼지 얹기 🐰☘🐇 #퀘스터즈 #캐릭터 #타이밍 #타이밍맞춰 #맞추기,"Mar 27, 2026",5,0:00:00
2025-11-30,OB7DxSPyAg4,로지 위에 퍼지 얹기 🐰☘🐇 #퀘스터즈 #캐릭터 #타이밍 #타이밍맞춰 #맞추기,"Mar 27, 2026",5,0:00:00
2025-12-01,OB7DxSPyAg4,로지 위에 퍼지 얹기 🐰☘🐇 #퀘스터즈 #캐릭터 #타이밍 #타이밍맞춰 #맞추기,"Mar 27, 2026",5,0:00:00
2025-12-02,OB7DxSPyAg4,로지 위에 퍼지 얹기 🐰☘🐇 #퀘스터즈 #캐릭터 #타이밍 #타이밍맞춰 #맞추기,"Mar 27, 2026",5,0:00:00
2025-12-03,OB7DxSPyAg4,로지 위에 퍼지 얹기 🐰☘🐇 #퀘스터즈 #캐릭터 #타이밍 #타이밍맞춰 #맞추기,"Mar 27, 2026",5,0:00:00
2025-12-04,OB7DxSPyAg4,로지 위에 퍼지 얹기 🐰☘🐇 #퀘스터즈 #캐릭터 #타이밍 #타이밍맞춰 #맞추기,"Mar 27, 2026",5,0:00:00
2025-12-05,OB7DxSPyAg4,로지 위에 퍼지 얹기 🐰☘🐇 #퀘스터즈 #캐릭터 #타이밍 #타이밍맞춰 #맞추기,"Mar 27, 2026",5,0:00:00
2025-12-06,OB7DxSPyAg4,로지 위에 퍼지 얹기 🐰☘🐇 #퀘스터즈 #캐릭터 #타이밍 #타이밍맞춰 #맞추기,"Mar 27, 2026",5,0:00:00
2025-12-07,OB7DxSPyAg4,로지 위에 퍼지 얹기 🐰☘🐇 #퀘스터즈 #캐릭터 #타이밍 #타이밍맞춰 #맞추기,"Mar 27, 2026",5,0:00:00
2025-12-08,OB7DxSPyAg4,로지 위에 퍼지 얹기 🐰☘🐇 #퀘스터즈 #캐릭터 #타이밍 #타이밍맞춰 #맞추기,"Mar 27, 2026",5,0:00:00
2025-12-09,OB7DxSPyAg4,로지 위에 퍼지 얹기 🐰☘🐇 #퀘스터즈 #캐릭터 #타이밍 #타이밍맞춰 #맞추기,"Mar 27, 2026",5,0:00:00
2025-12-10,OB7DxSPyAg4,로지 위에 퍼지 얹기 🐰☘🐇 #퀘스터즈 #캐릭터 #타이밍 #타이밍맞춰 #맞추기,"Mar 27, 2026",5,0:00:00
2025-12-11,OB7DxSPyAg4,로지 위에 퍼지 얹기 🐰☘🐇 #퀘스터즈 #캐릭터 #타이밍 #타이밍맞춰 #맞추기,"Mar 27, 2026",5,0:00:00
2025-12-12,OB7DxSPyAg4,로지 위에 퍼지 얹기 🐰☘🐇 #퀘스터즈 #캐릭터 #타이밍 #타이밍맞춰 #맞추기,"Mar 27, 2026",5,0:00:00
2025-12-13,OB7DxSPyAg4,로지 위에 퍼지 얹기 🐰☘🐇 #퀘스터즈 #캐릭터 #타이밍 #타이밍맞춰 #맞추기,"Mar 27, 2026",5,0:00:00
2025-12-14,OB7DxSPyAg4,로지 위에 퍼지 얹기 🐰☘🐇 #퀘스터즈 #캐릭터 #타이밍 #타이밍맞춰 #맞추기,"Mar 27, 2026",5,0:00:00
2025-12-15,OB7DxSPyAg4,로지 위에 퍼지 얹기 🐰☘🐇 #퀘스터즈 #캐릭터 #타이밍 #타이밍맞춰 #맞추기,"Mar 27, 2026",5,0:00:00
2025-12-16,OB7DxSPyAg4,로지 위에 퍼지 얹기 🐰☘🐇 #퀘스터즈 #캐릭터 #타이밍 #타이밍맞춰 #맞추기,"Mar 27, 2026",5,0:00:00
2025-12-17,OB7DxSPyAg4,로지 위에 퍼지 얹기 🐰☘🐇 #퀘스터즈 #캐릭터 #타이밍 #타이밍맞춰 #맞추기,"Mar 27, 2026",5,0:00:00
2025-12-18,OB7DxSPyAg4,로지 위에 퍼지 얹기 🐰☘🐇 #퀘스터즈 #캐릭터 #타이밍 #타이밍맞춰 #맞추기,"Mar 27, 2026",5,0:00:00
2025-12-19,OB7DxSPyAg4,로지 위에 퍼지 얹기 🐰☘🐇 #퀘스터즈 #캐릭터 #타이밍 #타이밍맞춰 #맞추기,"Mar 27, 2026",5,0:00:00
2025-12-20,OB7DxSPyAg4,로지 위에 퍼지 얹기 🐰☘🐇 #퀘스터즈 #캐릭터 #타이밍 #타이밍맞춰 #맞추기,"Mar 27, 2026",5,0:00:00
2025-12-21,OB7DxSPyAg4,로지 위에 퍼지 얹기 🐰☘🐇 #퀘스터즈 #캐릭터 #타이밍 #타이밍맞춰 #맞추기,"Mar 27, 2026",5,0:00:00
2025-12-22,OB7DxSPyAg4,로지 위에 퍼지 얹기 🐰☘🐇 #퀘스터즈 #캐릭터 #타이밍 #타이밍맞춰 #맞추기,"Mar 27, 2026",5,0:00:00
2025-12-23,OB7DxSPyAg4,로지 위에 퍼지 얹기 🐰☘🐇 #퀘스터즈 #캐릭터 #타이밍 #타이밍맞춰 #맞추기,"Mar 27, 2026",5,0:00:00
2025-12-24,OB7DxSPyAg4,로지 위에 퍼지 얹기 🐰☘🐇 #퀘스터즈 #캐릭터 #타이밍 #타이밍맞춰 #맞추기,"Mar 27, 2026",5,0:00:00
2025-12-25,OB7DxSPyAg4,로지 위에 퍼지 얹기 🐰☘🐇 #퀘스터즈 #캐릭터 #타이밍 #타이밍맞춰 #맞추기,"Mar 27, 2026",5,0:00:00
2025-12-26,OB7DxSPyAg4,로지 위에 퍼지 얹기 🐰☘🐇 #퀘스터즈 #캐릭터 #타이밍 #타이밍맞춰 #맞추기,"Mar 27, 2026",5,0:00:00
2025-12-27,OB7DxSPyAg4,로지 위에 퍼지 얹기 🐰☘🐇 #퀘스터즈 #캐릭터 #타이밍 #타이밍맞춰 #맞추기,"Mar 27, 2026",5,0:00:00
2025-12-28,OB7DxSPyAg4,로지 위에 퍼지 얹기 🐰☘🐇 #퀘스터즈 #캐릭터 #타이밍 #타이밍맞춰 #맞추기,"Mar 27, 2026",5,0:00:00
2025-12-29,OB7DxSPyAg4,로지 위에 퍼지 얹기 🐰☘🐇 #퀘스터즈 #캐릭터 #타이밍 #타이밍맞춰 #맞추기,"Mar 27, 2026",5,0:00:00
2025-12-30,OB7DxSPyAg4,로지 위에 퍼지 얹기 🐰☘🐇 #퀘스터즈 #캐릭터 #타이밍 #타이밍맞춰 #맞추기,"Mar 27, 2026",5,0:00:00
2025-12-31,OB7DxSPyAg4,로지 위에 퍼지 얹기 🐰☘🐇 #퀘스터즈 #캐릭터 #타이밍 #타이밍맞춰 #맞추기,"Mar 27, 2026",5,0:00:00
2026-01-01,OB7DxSPyAg4,로지 위에 퍼지 얹기 🐰☘🐇 #퀘스터즈 #캐릭터 #타이밍 #타이밍맞춰 #맞추기,"Mar 27, 2026",5,0:00:00
2026-01-02,OB7DxSPyAg4,로지 위에 퍼지 얹기 🐰☘🐇 #퀘스터즈 #캐릭터 #타이밍 #타이밍맞춰 #맞추기,"Mar 27, 2026",5,0:00:00
2026-01-03,OB7DxSPyAg4,로지 위에 퍼지 얹기 🐰☘🐇 #퀘스터즈 #캐릭터 #타이밍 #타이밍맞춰 #맞추기,"Mar 27, 2026",5,0:00:00
2026-01-04,OB7DxSPyAg4,로지 위에 퍼지 얹기 🐰☘🐇 #퀘스터즈 #캐릭터 #타이밍 #타이밍맞춰 #맞추기,"Mar 27, 2026",5,0:00:00
2026-01-05,OB7DxSPyAg4,로지 위에 퍼지 얹기 🐰☘🐇 #퀘스터즈 #캐릭터 #타이밍 #타이밍맞춰 #맞추기,"Mar 27, 2026",5,0:00:00
2026-01-06,OB7DxSPyAg4,로지 위에 퍼지 얹기 🐰☘🐇 #퀘스터즈 #캐릭터 #타이밍 #타이밍맞춰 #맞추기,"Mar 27, 2026",5,0:00:00
2026-01-07,OB7DxSPyAg4,로지 위에 퍼지 얹기 🐰☘🐇 #퀘스터즈 #캐릭터 #타이밍 #타이밍맞춰 #맞추기,"Mar 27, 2026",5,0:00:00
2026-01-08,OB7DxSPyAg4,로지 위에 퍼지 얹기 🐰☘🐇 #퀘스터즈 #캐릭터 #타이밍 #타이밍맞춰 #맞추기,"Mar 27, 2026",5,0:00:00
2026-01-09,OB7DxSPyAg4,로지 위에 퍼지 얹기 🐰☘🐇 #퀘스터즈 #캐릭터 #타이밍 #타이밍맞춰 #맞추기,"Mar 27, 2026",5,0:00:00
2026-01-10,OB7DxSPyAg4,로지 위에 퍼지 얹기 🐰☘🐇 #퀘스터즈 #캐릭터 #타이밍 #타이밍맞춰 #맞추기,"Mar 27, 2026",5,0:00:00
2026-01-11,OB7DxSPyAg4,로지 위에 퍼지 얹기 🐰☘🐇 #퀘스터즈 #캐릭터 #타이밍 #타이밍맞춰 #맞추기,"Mar 27, 2026",5,0:00:00
2026-01-12,OB7DxSPyAg4,로지 위에 퍼지 얹기 🐰☘🐇 #퀘스터즈 #캐릭터 #타이밍 #타이밍맞춰 #맞추기,"Mar 27, 2026",5,0:00:00
2026-01-13,OB7DxSPyAg4,로지 위에 퍼지 얹기 🐰☘🐇 #퀘스터즈 #캐릭터 #타이밍 #타이밍맞춰 #맞추기,"Mar 27, 2026",5,0:00:00
2026-01-14,OB7DxSPyAg4,로지 위에 퍼지 얹기 🐰☘🐇 #퀘스터즈 #캐릭터 #타이밍 #타이밍맞춰 #맞추기,"Mar 27, 2026",5,0:00:00
2026-01-15,OB7DxSPyAg4,로지 위에 퍼지 얹기 🐰☘🐇 #퀘스터즈 #캐릭터 #타이밍 #타이밍맞춰 #맞추기,"Mar 27, 2026",5,0:00:00
2026-01-16,OB7DxSPyAg4,로지 위에 퍼지 얹기 🐰☘🐇 #퀘스터즈 #캐릭터 #타이밍 #타이밍맞춰 #맞추기,"Mar 27, 2026",5,0:00:00
2026-01-17,OB7DxSPyAg4,로지 위에 퍼지 얹기 🐰☘🐇 #퀘스터즈 #캐릭터 #타이밍 #타이밍맞춰 #맞추기,"Mar 27, 2026",5,0:00:00
2026-01-18,OB7DxSPyAg4,로지 위에 퍼지 얹기 🐰☘🐇 #퀘스터즈 #캐릭터 #타이밍 #타이밍맞춰 #맞추기,"Mar 27, 2026",5,0:00:00
2026-01-19,OB7DxSPyAg4,로지 위에 퍼지 얹기 🐰☘🐇 #퀘스터즈 #캐릭터 #타이밍 #타이밍맞춰 #맞추기,"Mar 27, 2026",5,0:00:00
2026-01-20,OB7DxSPyAg4,로지 위에 퍼지 얹기 🐰☘🐇 #퀘스터즈 #캐릭터 #타이밍 #타이밍맞춰 #맞추기,"Mar 27, 2026",5,0:00:00
2026-01-21,OB7DxSPyAg4,로지 위에 퍼지 얹기 🐰☘🐇 #퀘스터즈 #캐릭터 #타이밍 #타이밍맞춰 #맞추기,"Mar 27, 2026",5,0:00:00
2026-01-22,OB7DxSPyAg4,로지 위에 퍼지 얹기 🐰☘🐇 #퀘스터즈 #캐릭터 #타이밍 #타이밍맞춰 #맞추기,"Mar 27, 2026",5,0:00:00
2026-01-23,OB7DxSPyAg4,로지 위에 퍼지 얹기 🐰☘🐇 #퀘스터즈 #캐릭터 #타이밍 #타이밍맞춰 #맞추기,"Mar 27, 2026",5,0:00:00
2026-01-24,OB7DxSPyAg4,로지 위에 퍼지 얹기 🐰☘🐇 #퀘스터즈 #캐릭터 #타이밍 #타이밍맞춰 #맞추기,"Mar 27, 2026",5,0:00:00
2026-01-25,OB7DxSPyAg4,로지 위에 퍼지 얹기 🐰☘🐇 #퀘스터즈 #캐릭터 #타이밍 #타이밍맞춰 #맞추기,"Mar 27, 2026",5,0:00:00
2026-01-26,OB7DxSPyAg4,로지 위에 퍼지 얹기 🐰☘🐇 #퀘스터즈 #캐릭터 #타이밍 #타이밍맞춰 #맞추기,"Mar 27, 2026",5,0:00:00
2026-01-27,OB7DxSPyAg4,로지 위에 퍼지 얹기 🐰☘🐇 #퀘스터즈 #캐릭터 #타이밍 #타이밍맞춰 #맞추기,"Mar 27, 2026",5,0:00:00
2026-01-28,OB7DxSPyAg4,로지 위에 퍼지 얹기 🐰☘🐇 #퀘스터즈 #캐릭터 #타이밍 #타이밍맞춰 #맞추기,"Mar 27, 2026",5,0:00:00
2026-01-29,OB7DxSPyAg4,로지 위에 퍼지 얹기 🐰☘🐇 #퀘스터즈 #캐릭터 #타이밍 #타이밍맞춰 #맞추기,"Mar 27, 2026",5,0:00:00
2026-01-30,OB7DxSPyAg4,로지 위에 퍼지 얹기 🐰☘🐇 #퀘스터즈 #캐릭터 #타이밍 #타이밍맞춰 #맞추기,"Mar 27, 2026",5,0:00:00
2026-01-31,OB7DxSPyAg4,로지 위에 퍼지 얹기 🐰☘🐇 #퀘스터즈 #캐릭터 #타이밍 #타이밍맞춰 #맞추기,"Mar 27, 2026",5,0:00:00
2026-02-01,OB7DxSPyAg4,로지 위에 퍼지 얹기 🐰☘🐇 #퀘스터즈 #캐릭터 #타이밍 #타이밍맞춰 #맞추기,"Mar 27, 2026",5,0:00:00
2026-02-02,OB7DxSPyAg4,로지 위에 퍼지 얹기 🐰☘🐇 #퀘스터즈 #캐릭터 #타이밍 #타이밍맞춰 #맞추기,"Mar 27, 2026",5,0:00:00
2026-02-03,OB7DxSPyAg4,로지 위에 퍼지 얹기 🐰☘🐇 #퀘스터즈 #캐릭터 #타이밍 #타이밍맞춰 #맞추기,"Mar 27, 2026",5,0:00:00
2026-02-04,OB7DxSPyAg4,로지 위에 퍼지 얹기 🐰☘🐇 #퀘스터즈 #캐릭터 #타이밍 #타이밍맞춰 #맞추기,"Mar 27, 2026",5,0:00:00
2026-02-05,OB7DxSPyAg4,로지 위에 퍼지 얹기 🐰☘🐇 #퀘스터즈 #캐릭터 #타이밍 #타이밍맞춰 #맞추기,"Mar 27, 2026",5,0:00:00
2026-02-06,OB7DxSPyAg4,로지 위에 퍼지 얹기 🐰☘🐇 #퀘스터즈 #캐릭터 #타이밍 #타이밍맞춰 #맞추기,"Mar 27, 2026",5,0:00:00
2026-02-07,OB7DxSPyAg4,로지 위에 퍼지 얹기 🐰☘🐇 #퀘스터즈 #캐릭터 #타이밍 #타이밍맞춰 #맞추기,"Mar 27, 2026",5,0:00:00
2026-02-08,OB7DxSPyAg4,로지 위에 퍼지 얹기 🐰☘🐇 #퀘스터즈 #캐릭터 #타이밍 #타이밍맞춰 #맞추기,"Mar 27, 2026",5,0:00:00
2026-02-09,OB7DxSPyAg4,로지 위에 퍼지 얹기 🐰☘🐇 #퀘스터즈 #캐릭터 #타이밍 #타이밍맞춰 #맞추기,"Mar 27, 2026",5,0:00:00
2026-02-10,OB7DxSPyAg4,로지 위에 퍼지 얹기 🐰☘🐇 #퀘스터즈 #캐릭터 #타이밍 #타이밍맞춰 #맞추기,"Mar 27, 2026",5,0:00:00
2026-02-11,OB7DxSPyAg4,로지 위에 퍼지 얹기 🐰☘🐇 #퀘스터즈 #캐릭터 #타이밍 #타이밍맞춰 #맞추기,"Mar 27, 2026",5,0:00:00
2026-02-12,OB7DxSPyAg4,로지 위에 퍼지 얹기 🐰☘🐇 #퀘스터즈 #캐릭터 #타이밍 #타이밍맞춰 #맞추기,"Mar 27, 2026",5,0:00:00
2026-02-13,OB7DxSPyAg4,로지 위에 퍼지 얹기 🐰☘🐇 #퀘스터즈 #캐릭터 #타이밍 #타이밍맞춰 #맞추기,"Mar 27, 2026",5,0:00:00
2026-02-14,OB7DxSPyAg4,로지 위에 퍼지 얹기 🐰☘🐇 #퀘스터즈 #캐릭터 #타이밍 #타이밍맞춰 #맞추기,"Mar 27, 2026",5,0:00:00
2026-02-15,OB7DxSPyAg4,로지 위에 퍼지 얹기 🐰☘🐇 #퀘스터즈 #캐릭터 #타이밍 #타이밍맞춰 #맞추기,"Mar 27, 2026",5,0:00:00
2026-02-16,OB7DxSPyAg4,로지 위에 퍼지 얹기 🐰☘🐇 #퀘스터즈 #캐릭터 #타이밍 #타이밍맞춰 #맞추기,"Mar 27, 2026",5,0:00:00
2026-02-17,OB7DxSPyAg4,로지 위에 퍼지 얹기 🐰☘🐇 #퀘스터즈 #캐릭터 #타이밍 #타이밍맞춰 #맞추기,"Mar 27, 2026",5,0:00:00
2026-02-18,OB7DxSPyAg4,로지 위에 퍼지 얹기 🐰☘🐇 #퀘스터즈 #캐릭터 #타이밍 #타이밍맞춰 #맞추기,"Mar 27, 2026",5,0:00:00
2026-02-19,OB7DxSPyAg4,로지 위에 퍼지 얹기 🐰☘🐇 #퀘스터즈 #캐릭터 #타이밍 #타이밍맞춰 #맞추기,"Mar 27, 2026",5,0:00:00
2026-02-20,OB7DxSPyAg4,로지 위에 퍼지 얹기 🐰☘🐇 #퀘스터즈 #캐릭터 #타이밍 #타이밍맞춰 #맞추기,"Mar 27, 2026",5,0:00:00
2026-02-21,OB7DxSPyAg4,로지 위에 퍼지 얹기 🐰☘🐇 #퀘스터즈 #캐릭터 #타이밍 #타이밍맞춰 #맞추기,"Mar 27, 2026",5,0:00:00
2026-02-22,OB7DxSPyAg4,로지 위에 퍼지 얹기 🐰☘🐇 #퀘스터즈 #캐릭터 #타이밍 #타이밍맞춰 #맞추기,"Mar 27, 2026",5,0:00:00
2026-02-23,OB7DxSPyAg4,로지 위에 퍼지 얹기 🐰☘🐇 #퀘스터즈 #캐릭터 #타이밍 #타이밍맞춰 #맞추기,"Mar 27, 2026",5,0:00:00
2026-02-24,OB7DxSPyAg4,로지 위에 퍼지 얹기 🐰☘🐇 #퀘스터즈 #캐릭터 #타이밍 #타이밍맞춰 #맞추기,"Mar 27, 2026",5,0:00:00
2026-02-25,OB7DxSPyAg4,로지 위에 퍼지 얹기 🐰☘🐇 #퀘스터즈 #캐릭터 #타이밍 #타이밍맞춰 #맞추기,"Mar 27, 2026",5,0:00:00
2026-02-26,OB7DxSPyAg4,로지 위에 퍼지 얹기 🐰☘🐇 #퀘스터즈 #캐릭터 #타이밍 #타이밍맞춰 #맞추기,"Mar 27, 2026",5,0:00:00
2026-02-27,OB7DxSPyAg4,로지 위에 퍼지 얹기 🐰☘🐇 #퀘스터즈 #캐릭터 #타이밍 #타이밍맞춰 #맞추기,"Mar 27, 2026",5,0:00:00
2026-02-28,OB7DxSPyAg4,로지 위에 퍼지 얹기 🐰☘🐇 #퀘스터즈 #캐릭터 #타이밍 #타이밍맞춰 #맞추기,"Mar 27, 2026",5,0:00:00
2026-03-01,OB7DxSPyAg4,로지 위에 퍼지 얹기 🐰☘🐇 #퀘스터즈 #캐릭터 #타이밍 #타이밍맞춰 #맞추기,"Mar 27, 2026",5,0:00:00
2026-03-02,OB7DxSPyAg4,로지 위에 퍼지 얹기 🐰☘🐇 #퀘스터즈 #캐릭터 #타이밍 #타이밍맞춰 #맞추기,"Mar 27, 2026",5,0:00:00
2026-03-03,OB7DxSPyAg4,로지 위에 퍼지 얹기 🐰☘🐇 #퀘스터즈 #캐릭터 #타이밍 #타이밍맞춰 #맞추기,"Mar 27, 2026",5,0:00:00
2026-03-04,OB7DxSPyAg4,로지 위에 퍼지 얹기 🐰☘🐇 #퀘스터즈 #캐릭터 #타이밍 #타이밍맞춰 #맞추기,"Mar 27, 2026",5,0:00:00
2026-03-05,OB7DxSPyAg4,로지 위에 퍼지 얹기 🐰☘🐇 #퀘스터즈 #캐릭터 #타이밍 #타이밍맞춰 #맞추기,"Mar 27, 2026",5,0:00:00
2026-03-06,OB7DxSPyAg4,로지 위에 퍼지 얹기 🐰☘🐇 #퀘스터즈 #캐릭터 #타이밍 #타이밍맞춰 #맞추기,"Mar 27, 2026",5,0:00:00
2026-03-07,OB7DxSPyAg4,로지 위에 퍼지 얹기 🐰☘🐇 #퀘스터즈 #캐릭터 #타이밍 #타이밍맞춰 #맞추기,"Mar 27, 2026",5,0:00:00
2026-03-08,OB7DxSPyAg4,로지 위에 퍼지 얹기 🐰☘🐇 #퀘스터즈 #캐릭터 #타이밍 #타이밍맞춰 #맞추기,"Mar 27, 2026",5,0:00:00
2026-03-09,OB7DxSPyAg4,로지 위에 퍼지 얹기 🐰☘🐇 #퀘스터즈 #캐릭터 #타이밍 #타이밍맞춰 #맞추기,"Mar 27, 2026",5,0:00:00
2026-03-10,OB7DxSPyAg4,로지 위에 퍼지 얹기 🐰☘🐇 #퀘스터즈 #캐릭터 #타이밍 #타이밍맞춰 #맞추기,"Mar 27, 2026",5,0:00:00
2026-03-11,OB7DxSPyAg4,로지 위에 퍼지 얹기 🐰☘🐇 #퀘스터즈 #캐릭터 #타이밍 #타이밍맞춰 #맞추기,"Mar 27, 2026",5,0:00:00
2026-03-12,OB7DxSPyAg4,로지 위에 퍼지 얹기 🐰☘🐇 #퀘스터즈 #캐릭터 #타이밍 #타이밍맞춰 #맞추기,"Mar 27, 2026",5,0:00:00
2026-03-13,OB7DxSPyAg4,로지 위에 퍼지 얹기 🐰☘🐇 #퀘스터즈 #캐릭터 #타이밍 #타이밍맞춰 #맞추기,"Mar 27, 2026",5,0:00:00
2026-03-14,OB7DxSPyAg4,로지 위에 퍼지 얹기 🐰☘🐇 #퀘스터즈 #캐릭터 #타이밍 #타이밍맞춰 #맞추기,"Mar 27, 2026",5,0:00:00
2026-03-15,OB7DxSPyAg4,로지 위에 퍼지 얹기 🐰☘🐇 #퀘스터즈 #캐릭터 #타이밍 #타이밍맞춰 #맞추기,"Mar 27, 2026",5,0:00:00
2026-03-16,OB7DxSPyAg4,로지 위에 퍼지 얹기 🐰☘🐇 #퀘스터즈 #캐릭터 #타이밍 #타이밍맞춰 #맞추기,"Mar 27, 2026",5,0:00:00
2026-03-17,OB7DxSPyAg4,로지 위에 퍼지 얹기 🐰☘🐇 #퀘스터즈 #캐릭터 #타이밍 #타이밍맞춰 #맞추기,"Mar 27, 2026",5,0:00:00
2026-03-18,OB7DxSPyAg4,로지 위에 퍼지 얹기 🐰☘🐇 #퀘스터즈 #캐릭터 #타이밍 #타이밍맞춰 #맞추기,"Mar 27, 2026",5,0:00:00
2026-03-19,OB7DxSPyAg4,로지 위에 퍼지 얹기 🐰☘🐇 #퀘스터즈 #캐릭터 #타이밍 #타이밍맞춰 #맞추기,"Mar 27, 2026",5,0:00:00
2026-03-20,OB7DxSPyAg4,로지 위에 퍼지 얹기 🐰☘🐇 #퀘스터즈 #캐릭터 #타이밍 #타이밍맞춰 #맞추기,"Mar 27, 2026",5,0:00:00
2026-03-21,OB7DxSPyAg4,로지 위에 퍼지 얹기 🐰☘🐇 #퀘스터즈 #캐릭터 #타이밍 #타이밍맞춰 #맞추기,"Mar 27, 2026",5,0:00:00
2026-03-22,OB7DxSPyAg4,로지 위에 퍼지 얹기 🐰☘🐇 #퀘스터즈 #캐릭터 #타이밍 #타이밍맞춰 #맞추기,"Mar 27, 2026",5,0:00:00
2026-03-23,OB7DxSPyAg4,로지 위에 퍼지 얹기 🐰☘🐇 #퀘스터즈 #캐릭터 #타이밍 #타이밍맞춰 #맞추기,"Mar 27, 2026",5,0:00:00
2026-03-24,OB7DxSPyAg4,로지 위에 퍼지 얹기 🐰☘🐇 #퀘스터즈 #캐릭터 #타이밍 #타이밍맞춰 #맞추기,"Mar 27, 2026",5,0:00:00
2026-03-25,OB7DxSPyAg4,로지 위에 퍼지 얹기 🐰☘🐇 #퀘스터즈 #캐릭터 #타이밍 #타이밍맞춰 #맞추기,"Mar 27, 2026",5,0:00:00
2026-03-26,OB7DxSPyAg4,로지 위에 퍼지 얹기 🐰☘🐇 #퀘스터즈 #캐릭터 #타이밍 #타이밍맞춰 #맞추기,"Mar 27, 2026",5,0:00:00
2026-03-27,OB7DxSPyAg4,로지 위에 퍼지 얹기 🐰☘🐇 #퀘스터즈 #캐릭터 #타이밍 #타이밍맞춰 #맞추기,"Mar 27, 2026",5,0:00:09
2026-03-28,OB7DxSPyAg4,로지 위에 퍼지 얹기 🐰☘🐇 #퀘스터즈 #캐릭터 #타이밍 #타이밍맞춰 #맞추기,"Mar 27, 2026",5,0:00:08
2026-03-29,OB7DxSPyAg4,로지 위에 퍼지 얹기 🐰☘🐇 #퀘스터즈 #캐릭터 #타이밍 #타이밍맞춰 #맞추기,"Mar 27, 2026",5,0:00:22
2026-03-30,OB7DxSPyAg4,로지 위에 퍼지 얹기 🐰☘🐇 #퀘스터즈 #캐릭터 #타이밍 #타이밍맞춰 #맞추기,"Mar 27, 2026",5,0:01:56
2025-09-21,Z6MD_k5hgiI,퀘스터즈 출발🎵 | 모험을 떠나자! | 키즈 인기 동요 | 상상력 풍부해지는 창작동요 | 어린이 애니메이션 | 퀘스터즈 Questerz,"Mar 19, 2026",55,0:00:00
2025-09-22,Z6MD_k5hgiI,퀘스터즈 출발🎵 | 모험을 떠나자! | 키즈 인기 동요 | 상상력 풍부해지는 창작동요 | 어린이 애니메이션 | 퀘스터즈 Questerz,"Mar 19, 2026",55,0:00:00
2025-09-23,Z6MD_k5hgiI,퀘스터즈 출발🎵 | 모험을 떠나자! | 키즈 인기 동요 | 상상력 풍부해지는 창작동요 | 어린이 애니메이션 | 퀘스터즈 Questerz,"Mar 19, 2026",55,0:00:00
2025-09-24,Z6MD_k5hgiI,퀘스터즈 출발🎵 | 모험을 떠나자! | 키즈 인기 동요 | 상상력 풍부해지는 창작동요 | 어린이 애니메이션 | 퀘스터즈 Questerz,"Mar 19, 2026",55,0:00:00
2025-09-25,Z6MD_k5hgiI,퀘스터즈 출발🎵 | 모험을 떠나자! | 키즈 인기 동요 | 상상력 풍부해지는 창작동요 | 어린이 애니메이션 | 퀘스터즈 Questerz,"Mar 19, 2026",55,0:00:00
2025-09-26,Z6MD_k5hgiI,퀘스터즈 출발🎵 | 모험을 떠나자! | 키즈 인기 동요 | 상상력 풍부해지는 창작동요 | 어린이 애니메이션 | 퀘스터즈 Questerz,"Mar 19, 2026",55,0:00:00
2025-09-27,Z6MD_k5hgiI,퀘스터즈 출발🎵 | 모험을 떠나자! | 키즈 인기 동요 | 상상력 풍부해지는 창작동요 | 어린이 애니메이션 | 퀘스터즈 Questerz,"Mar 19, 2026",55,0:00:00
2025-09-28,Z6MD_k5hgiI,퀘스터즈 출발🎵 | 모험을 떠나자! | 키즈 인기 동요 | 상상력 풍부해지는 창작동요 | 어린이 애니메이션 | 퀘스터즈 Questerz,"Mar 19, 2026",55,0:00:00
2025-09-29,Z6MD_k5hgiI,퀘스터즈 출발🎵 | 모험을 떠나자! | 키즈 인기 동요 | 상상력 풍부해지는 창작동요 | 어린이 애니메이션 | 퀘스터즈 Questerz,"Mar 19, 2026",55,0:00:00
2025-09-30,Z6MD_k5hgiI,퀘스터즈 출발🎵 | 모험을 떠나자! | 키즈 인기 동요 | 상상력 풍부해지는 창작동요 | 어린이 애니메이션 | 퀘스터즈 Questerz,"Mar 19, 2026",55,0:00:00
2025-10-01,Z6MD_k5hgiI,퀘스터즈 출발🎵 | 모험을 떠나자! | 키즈 인기 동요 | 상상력 풍부해지는 창작동요 | 어린이 애니메이션 | 퀘스터즈 Questerz,"Mar 19, 2026",55,0:00:00
2025-10-02,Z6MD_k5hgiI,퀘스터즈 출발🎵 | 모험을 떠나자! | 키즈 인기 동요 | 상상력 풍부해지는 창작동요 | 어린이 애니메이션 | 퀘스터즈 Questerz,"Mar 19, 2026",55,0:00:00
2025-10-03,Z6MD_k5hgiI,퀘스터즈 출발🎵 | 모험을 떠나자! | 키즈 인기 동요 | 상상력 풍부해지는 창작동요 | 어린이 애니메이션 | 퀘스터즈 Questerz,"Mar 19, 2026",55,0:00:00
2025-10-04,Z6MD_k5hgiI,퀘스터즈 출발🎵 | 모험을 떠나자! | 키즈 인기 동요 | 상상력 풍부해지는 창작동요 | 어린이 애니메이션 | 퀘스터즈 Questerz,"Mar 19, 2026",55,0:00:00
2025-10-05,Z6MD_k5hgiI,퀘스터즈 출발🎵 | 모험을 떠나자! | 키즈 인기 동요 | 상상력 풍부해지는 창작동요 | 어린이 애니메이션 | 퀘스터즈 Questerz,"Mar 19, 2026",55,0:00:00
2025-10-06,Z6MD_k5hgiI,퀘스터즈 출발🎵 | 모험을 떠나자! | 키즈 인기 동요 | 상상력 풍부해지는 창작동요 | 어린이 애니메이션 | 퀘스터즈 Questerz,"Mar 19, 2026",55,0:00:00
2025-10-07,Z6MD_k5hgiI,퀘스터즈 출발🎵 | 모험을 떠나자! | 키즈 인기 동요 | 상상력 풍부해지는 창작동요 | 어린이 애니메이션 | 퀘스터즈 Questerz,"Mar 19, 2026",55,0:00:00
2025-10-08,Z6MD_k5hgiI,퀘스터즈 출발🎵 | 모험을 떠나자! | 키즈 인기 동요 | 상상력 풍부해지는 창작동요 | 어린이 애니메이션 | 퀘스터즈 Questerz,"Mar 19, 2026",55,0:00:00
2025-10-09,Z6MD_k5hgiI,퀘스터즈 출발🎵 | 모험을 떠나자! | 키즈 인기 동요 | 상상력 풍부해지는 창작동요 | 어린이 애니메이션 | 퀘스터즈 Questerz,"Mar 19, 2026",55,0:00:00
2025-10-10,Z6MD_k5hgiI,퀘스터즈 출발🎵 | 모험을 떠나자! | 키즈 인기 동요 | 상상력 풍부해지는 창작동요 | 어린이 애니메이션 | 퀘스터즈 Questerz,"Mar 19, 2026",55,0:00:00
2025-10-11,Z6MD_k5hgiI,퀘스터즈 출발🎵 | 모험을 떠나자! | 키즈 인기 동요 | 상상력 풍부해지는 창작동요 | 어린이 애니메이션 | 퀘스터즈 Questerz,"Mar 19, 2026",55,0:00:00
2025-10-12,Z6MD_k5hgiI,퀘스터즈 출발🎵 | 모험을 떠나자! | 키즈 인기 동요 | 상상력 풍부해지는 창작동요 | 어린이 애니메이션 | 퀘스터즈 Questerz,"Mar 19, 2026",55,0:00:00
2025-10-13,Z6MD_k5hgiI,퀘스터즈 출발🎵 | 모험을 떠나자! | 키즈 인기 동요 | 상상력 풍부해지는 창작동요 | 어린이 애니메이션 | 퀘스터즈 Questerz,"Mar 19, 2026",55,0:00:00
2025-10-14,Z6MD_k5hgiI,퀘스터즈 출발🎵 | 모험을 떠나자! | 키즈 인기 동요 | 상상력 풍부해지는 창작동요 | 어린이 애니메이션 | 퀘스터즈 Questerz,"Mar 19, 2026",55,0:00:00
2025-10-15,Z6MD_k5hgiI,퀘스터즈 출발🎵 | 모험을 떠나자! | 키즈 인기 동요 | 상상력 풍부해지는 창작동요 | 어린이 애니메이션 | 퀘스터즈 Questerz,"Mar 19, 2026",55,0:00:00
2025-10-16,Z6MD_k5hgiI,퀘스터즈 출발🎵 | 모험을 떠나자! | 키즈 인기 동요 | 상상력 풍부해지는 창작동요 | 어린이 애니메이션 | 퀘스터즈 Questerz,"Mar 19, 2026",55,0:00:00
2025-10-17,Z6MD_k5hgiI,퀘스터즈 출발🎵 | 모험을 떠나자! | 키즈 인기 동요 | 상상력 풍부해지는 창작동요 | 어린이 애니메이션 | 퀘스터즈 Questerz,"Mar 19, 2026",55,0:00:00
2025-10-18,Z6MD_k5hgiI,퀘스터즈 출발🎵 | 모험을 떠나자! | 키즈 인기 동요 | 상상력 풍부해지는 창작동요 | 어린이 애니메이션 | 퀘스터즈 Questerz,"Mar 19, 2026",55,0:00:00
2025-10-19,Z6MD_k5hgiI,퀘스터즈 출발🎵 | 모험을 떠나자! | 키즈 인기 동요 | 상상력 풍부해지는 창작동요 | 어린이 애니메이션 | 퀘스터즈 Questerz,"Mar 19, 2026",55,0:00:00
2025-10-20,Z6MD_k5hgiI,퀘스터즈 출발🎵 | 모험을 떠나자! | 키즈 인기 동요 | 상상력 풍부해지는 창작동요 | 어린이 애니메이션 | 퀘스터즈 Questerz,"Mar 19, 2026",55,0:00:00
2025-10-21,Z6MD_k5hgiI,퀘스터즈 출발🎵 | 모험을 떠나자! | 키즈 인기 동요 | 상상력 풍부해지는 창작동요 | 어린이 애니메이션 | 퀘스터즈 Questerz,"Mar 19, 2026",55,0:00:00
2025-10-22,Z6MD_k5hgiI,퀘스터즈 출발🎵 | 모험을 떠나자! | 키즈 인기 동요 | 상상력 풍부해지는 창작동요 | 어린이 애니메이션 | 퀘스터즈 Questerz,"Mar 19, 2026",55,0:00:00
2025-10-23,Z6MD_k5hgiI,퀘스터즈 출발🎵 | 모험을 떠나자! | 키즈 인기 동요 | 상상력 풍부해지는 창작동요 | 어린이 애니메이션 | 퀘스터즈 Questerz,"Mar 19, 2026",55,0:00:00
2025-10-24,Z6MD_k5hgiI,퀘스터즈 출발🎵 | 모험을 떠나자! | 키즈 인기 동요 | 상상력 풍부해지는 창작동요 | 어린이 애니메이션 | 퀘스터즈 Questerz,"Mar 19, 2026",55,0:00:00
2025-10-25,Z6MD_k5hgiI,퀘스터즈 출발🎵 | 모험을 떠나자! | 키즈 인기 동요 | 상상력 풍부해지는 창작동요 | 어린이 애니메이션 | 퀘스터즈 Questerz,"Mar 19, 2026",55,0:00:00
2025-10-26,Z6MD_k5hgiI,퀘스터즈 출발🎵 | 모험을 떠나자! | 키즈 인기 동요 | 상상력 풍부해지는 창작동요 | 어린이 애니메이션 | 퀘스터즈 Questerz,"Mar 19, 2026",55,0:00:00
2025-10-27,Z6MD_k5hgiI,퀘스터즈 출발🎵 | 모험을 떠나자! | 키즈 인기 동요 | 상상력 풍부해지는 창작동요 | 어린이 애니메이션 | 퀘스터즈 Questerz,"Mar 19, 2026",55,0:00:00
2025-10-28,Z6MD_k5hgiI,퀘스터즈 출발🎵 | 모험을 떠나자! | 키즈 인기 동요 | 상상력 풍부해지는 창작동요 | 어린이 애니메이션 | 퀘스터즈 Questerz,"Mar 19, 2026",55,0:00:00
2025-10-29,Z6MD_k5hgiI,퀘스터즈 출발🎵 | 모험을 떠나자! | 키즈 인기 동요 | 상상력 풍부해지는 창작동요 | 어린이 애니메이션 | 퀘스터즈 Questerz,"Mar 19, 2026",55,0:00:00
2025-10-30,Z6MD_k5hgiI,퀘스터즈 출발🎵 | 모험을 떠나자! | 키즈 인기 동요 | 상상력 풍부해지는 창작동요 | 어린이 애니메이션 | 퀘스터즈 Questerz,"Mar 19, 2026",55,0:00:00
2025-10-31,Z6MD_k5hgiI,퀘스터즈 출발🎵 | 모험을 떠나자! | 키즈 인기 동요 | 상상력 풍부해지는 창작동요 | 어린이 애니메이션 | 퀘스터즈 Questerz,"Mar 19, 2026",55,0:00:00
2025-11-01,Z6MD_k5hgiI,퀘스터즈 출발🎵 | 모험을 떠나자! | 키즈 인기 동요 | 상상력 풍부해지는 창작동요 | 어린이 애니메이션 | 퀘스터즈 Questerz,"Mar 19, 2026",55,0:00:00
2025-11-02,Z6MD_k5hgiI,퀘스터즈 출발🎵 | 모험을 떠나자! | 키즈 인기 동요 | 상상력 풍부해지는 창작동요 | 어린이 애니메이션 | 퀘스터즈 Questerz,"Mar 19, 2026",55,0:00:00
2025-11-03,Z6MD_k5hgiI,퀘스터즈 출발🎵 | 모험을 떠나자! | 키즈 인기 동요 | 상상력 풍부해지는 창작동요 | 어린이 애니메이션 | 퀘스터즈 Questerz,"Mar 19, 2026",55,0:00:00
2025-11-04,Z6MD_k5hgiI,퀘스터즈 출발🎵 | 모험을 떠나자! | 키즈 인기 동요 | 상상력 풍부해지는 창작동요 | 어린이 애니메이션 | 퀘스터즈 Questerz,"Mar 19, 2026",55,0:00:00
2025-11-05,Z6MD_k5hgiI,퀘스터즈 출발🎵 | 모험을 떠나자! | 키즈 인기 동요 | 상상력 풍부해지는 창작동요 | 어린이 애니메이션 | 퀘스터즈 Questerz,"Mar 19, 2026",55,0:00:00
2025-11-06,Z6MD_k5hgiI,퀘스터즈 출발🎵 | 모험을 떠나자! | 키즈 인기 동요 | 상상력 풍부해지는 창작동요 | 어린이 애니메이션 | 퀘스터즈 Questerz,"Mar 19, 2026",55,0:00:00
2025-11-07,Z6MD_k5hgiI,퀘스터즈 출발🎵 | 모험을 떠나자! | 키즈 인기 동요 | 상상력 풍부해지는 창작동요 | 어린이 애니메이션 | 퀘스터즈 Questerz,"Mar 19, 2026",55,0:00:00
2025-11-08,Z6MD_k5hgiI,퀘스터즈 출발🎵 | 모험을 떠나자! | 키즈 인기 동요 | 상상력 풍부해지는 창작동요 | 어린이 애니메이션 | 퀘스터즈 Questerz,"Mar 19, 2026",55,0:00:00
2025-11-09,Z6MD_k5hgiI,퀘스터즈 출발🎵 | 모험을 떠나자! | 키즈 인기 동요 | 상상력 풍부해지는 창작동요 | 어린이 애니메이션 | 퀘스터즈 Questerz,"Mar 19, 2026",55,0:00:00
2025-11-10,Z6MD_k5hgiI,퀘스터즈 출발🎵 | 모험을 떠나자! | 키즈 인기 동요 | 상상력 풍부해지는 창작동요 | 어린이 애니메이션 | 퀘스터즈 Questerz,"Mar 19, 2026",55,0:00:00
2025-11-11,Z6MD_k5hgiI,퀘스터즈 출발🎵 | 모험을 떠나자! | 키즈 인기 동요 | 상상력 풍부해지는 창작동요 | 어린이 애니메이션 | 퀘스터즈 Questerz,"Mar 19, 2026",55,0:00:00
2025-11-12,Z6MD_k5hgiI,퀘스터즈 출발🎵 | 모험을 떠나자! | 키즈 인기 동요 | 상상력 풍부해지는 창작동요 | 어린이 애니메이션 | 퀘스터즈 Questerz,"Mar 19, 2026",55,0:00:00
2025-11-13,Z6MD_k5hgiI,퀘스터즈 출발🎵 | 모험을 떠나자! | 키즈 인기 동요 | 상상력 풍부해지는 창작동요 | 어린이 애니메이션 | 퀘스터즈 Questerz,"Mar 19, 2026",55,0:00:00
2025-11-14,Z6MD_k5hgiI,퀘스터즈 출발🎵 | 모험을 떠나자! | 키즈 인기 동요 | 상상력 풍부해지는 창작동요 | 어린이 애니메이션 | 퀘스터즈 Questerz,"Mar 19, 2026",55,0:00:00
2025-11-15,Z6MD_k5hgiI,퀘스터즈 출발🎵 | 모험을 떠나자! | 키즈 인기 동요 | 상상력 풍부해지는 창작동요 | 어린이 애니메이션 | 퀘스터즈 Questerz,"Mar 19, 2026",55,0:00:00
2025-11-16,Z6MD_k5hgiI,퀘스터즈 출발🎵 | 모험을 떠나자! | 키즈 인기 동요 | 상상력 풍부해지는 창작동요 | 어린이 애니메이션 | 퀘스터즈 Questerz,"Mar 19, 2026",55,0:00:00
2025-11-17,Z6MD_k5hgiI,퀘스터즈 출발🎵 | 모험을 떠나자! | 키즈 인기 동요 | 상상력 풍부해지는 창작동요 | 어린이 애니메이션 | 퀘스터즈 Questerz,"Mar 19, 2026",55,0:00:00
2025-11-18,Z6MD_k5hgiI,퀘스터즈 출발🎵 | 모험을 떠나자! | 키즈 인기 동요 | 상상력 풍부해지는 창작동요 | 어린이 애니메이션 | 퀘스터즈 Questerz,"Mar 19, 2026",55,0:00:00
2025-11-19,Z6MD_k5hgiI,퀘스터즈 출발🎵 | 모험을 떠나자! | 키즈 인기 동요 | 상상력 풍부해지는 창작동요 | 어린이 애니메이션 | 퀘스터즈 Questerz,"Mar 19, 2026",55,0:00:00
2025-11-20,Z6MD_k5hgiI,퀘스터즈 출발🎵 | 모험을 떠나자! | 키즈 인기 동요 | 상상력 풍부해지는 창작동요 | 어린이 애니메이션 | 퀘스터즈 Questerz,"Mar 19, 2026",55,0:00:00
2025-11-21,Z6MD_k5hgiI,퀘스터즈 출발🎵 | 모험을 떠나자! | 키즈 인기 동요 | 상상력 풍부해지는 창작동요 | 어린이 애니메이션 | 퀘스터즈 Questerz,"Mar 19, 2026",55,0:00:00
2025-11-22,Z6MD_k5hgiI,퀘스터즈 출발🎵 | 모험을 떠나자! | 키즈 인기 동요 | 상상력 풍부해지는 창작동요 | 어린이 애니메이션 | 퀘스터즈 Questerz,"Mar 19, 2026",55,0:00:00
2025-11-23,Z6MD_k5hgiI,퀘스터즈 출발🎵 | 모험을 떠나자! | 키즈 인기 동요 | 상상력 풍부해지는 창작동요 | 어린이 애니메이션 | 퀘스터즈 Questerz,"Mar 19, 2026",55,0:00:00
2025-11-24,Z6MD_k5hgiI,퀘스터즈 출발🎵 | 모험을 떠나자! | 키즈 인기 동요 | 상상력 풍부해지는 창작동요 | 어린이 애니메이션 | 퀘스터즈 Questerz,"Mar 19, 2026",55,0:00:00
2025-11-25,Z6MD_k5hgiI,퀘스터즈 출발🎵 | 모험을 떠나자! | 키즈 인기 동요 | 상상력 풍부해지는 창작동요 | 어린이 애니메이션 | 퀘스터즈 Questerz,"Mar 19, 2026",55,0:00:00
2025-11-26,Z6MD_k5hgiI,퀘스터즈 출발🎵 | 모험을 떠나자! | 키즈 인기 동요 | 상상력 풍부해지는 창작동요 | 어린이 애니메이션 | 퀘스터즈 Questerz,"Mar 19, 2026",55,0:00:00
2025-11-27,Z6MD_k5hgiI,퀘스터즈 출발🎵 | 모험을 떠나자! | 키즈 인기 동요 | 상상력 풍부해지는 창작동요 | 어린이 애니메이션 | 퀘스터즈 Questerz,"Mar 19, 2026",55,0:00:00
2025-11-28,Z6MD_k5hgiI,퀘스터즈 출발🎵 | 모험을 떠나자! | 키즈 인기 동요 | 상상력 풍부해지는 창작동요 | 어린이 애니메이션 | 퀘스터즈 Questerz,"Mar 19, 2026",55,0:00:00
2025-11-29,Z6MD_k5hgiI,퀘스터즈 출발🎵 | 모험을 떠나자! | 키즈 인기 동요 | 상상력 풍부해지는 창작동요 | 어린이 애니메이션 | 퀘스터즈 Questerz,"Mar 19, 2026",55,0:00:00
2025-11-30,Z6MD_k5hgiI,퀘스터즈 출발🎵 | 모험을 떠나자! | 키즈 인기 동요 | 상상력 풍부해지는 창작동요 | 어린이 애니메이션 | 퀘스터즈 Questerz,"Mar 19, 2026",55,0:00:00
2025-12-01,Z6MD_k5hgiI,퀘스터즈 출발🎵 | 모험을 떠나자! | 키즈 인기 동요 | 상상력 풍부해지는 창작동요 | 어린이 애니메이션 | 퀘스터즈 Questerz,"Mar 19, 2026",55,0:00:00
2025-12-02,Z6MD_k5hgiI,퀘스터즈 출발🎵 | 모험을 떠나자! | 키즈 인기 동요 | 상상력 풍부해지는 창작동요 | 어린이 애니메이션 | 퀘스터즈 Questerz,"Mar 19, 2026",55,0:00:00
2025-12-03,Z6MD_k5hgiI,퀘스터즈 출발🎵 | 모험을 떠나자! | 키즈 인기 동요 | 상상력 풍부해지는 창작동요 | 어린이 애니메이션 | 퀘스터즈 Questerz,"Mar 19, 2026",55,0:00:00
2025-12-04,Z6MD_k5hgiI,퀘스터즈 출발🎵 | 모험을 떠나자! | 키즈 인기 동요 | 상상력 풍부해지는 창작동요 | 어린이 애니메이션 | 퀘스터즈 Questerz,"Mar 19, 2026",55,0:00:00
2025-12-05,Z6MD_k5hgiI,퀘스터즈 출발🎵 | 모험을 떠나자! | 키즈 인기 동요 | 상상력 풍부해지는 창작동요 | 어린이 애니메이션 | 퀘스터즈 Questerz,"Mar 19, 2026",55,0:00:00
2025-12-06,Z6MD_k5hgiI,퀘스터즈 출발🎵 | 모험을 떠나자! | 키즈 인기 동요 | 상상력 풍부해지는 창작동요 | 어린이 애니메이션 | 퀘스터즈 Questerz,"Mar 19, 2026",55,0:00:00
2025-12-07,Z6MD_k5hgiI,퀘스터즈 출발🎵 | 모험을 떠나자! | 키즈 인기 동요 | 상상력 풍부해지는 창작동요 | 어린이 애니메이션 | 퀘스터즈 Questerz,"Mar 19, 2026",55,0:00:00
2025-12-08,Z6MD_k5hgiI,퀘스터즈 출발🎵 | 모험을 떠나자! | 키즈 인기 동요 | 상상력 풍부해지는 창작동요 | 어린이 애니메이션 | 퀘스터즈 Questerz,"Mar 19, 2026",55,0:00:00
2025-12-09,Z6MD_k5hgiI,퀘스터즈 출발🎵 | 모험을 떠나자! | 키즈 인기 동요 | 상상력 풍부해지는 창작동요 | 어린이 애니메이션 | 퀘스터즈 Questerz,"Mar 19, 2026",55,0:00:00
2025-12-10,Z6MD_k5hgiI,퀘스터즈 출발🎵 | 모험을 떠나자! | 키즈 인기 동요 | 상상력 풍부해지는 창작동요 | 어린이 애니메이션 | 퀘스터즈 Questerz,"Mar 19, 2026",55,0:00:00
2025-12-11,Z6MD_k5hgiI,퀘스터즈 출발🎵 | 모험을 떠나자! | 키즈 인기 동요 | 상상력 풍부해지는 창작동요 | 어린이 애니메이션 | 퀘스터즈 Questerz,"Mar 19, 2026",55,0:00:00
2025-12-12,Z6MD_k5hgiI,퀘스터즈 출발🎵 | 모험을 떠나자! | 키즈 인기 동요 | 상상력 풍부해지는 창작동요 | 어린이 애니메이션 | 퀘스터즈 Questerz,"Mar 19, 2026",55,0:00:00
2025-12-13,Z6MD_k5hgiI,퀘스터즈 출발🎵 | 모험을 떠나자! | 키즈 인기 동요 | 상상력 풍부해지는 창작동요 | 어린이 애니메이션 | 퀘스터즈 Questerz,"Mar 19, 2026",55,0:00:00
2025-12-14,Z6MD_k5hgiI,퀘스터즈 출발🎵 | 모험을 떠나자! | 키즈 인기 동요 | 상상력 풍부해지는 창작동요 | 어린이 애니메이션 | 퀘스터즈 Questerz,"Mar 19, 2026",55,0:00:00
2025-12-15,Z6MD_k5hgiI,퀘스터즈 출발🎵 | 모험을 떠나자! | 키즈 인기 동요 | 상상력 풍부해지는 창작동요 | 어린이 애니메이션 | 퀘스터즈 Questerz,"Mar 19, 2026",55,0:00:00
2025-12-16,Z6MD_k5hgiI,퀘스터즈 출발🎵 | 모험을 떠나자! | 키즈 인기 동요 | 상상력 풍부해지는 창작동요 | 어린이 애니메이션 | 퀘스터즈 Questerz,"Mar 19, 2026",55,0:00:00
2025-12-17,Z6MD_k5hgiI,퀘스터즈 출발🎵 | 모험을 떠나자! | 키즈 인기 동요 | 상상력 풍부해지는 창작동요 | 어린이 애니메이션 | 퀘스터즈 Questerz,"Mar 19, 2026",55,0:00:00
2025-12-18,Z6MD_k5hgiI,퀘스터즈 출발🎵 | 모험을 떠나자! | 키즈 인기 동요 | 상상력 풍부해지는 창작동요 | 어린이 애니메이션 | 퀘스터즈 Questerz,"Mar 19, 2026",55,0:00:00
2025-12-19,Z6MD_k5hgiI,퀘스터즈 출발🎵 | 모험을 떠나자! | 키즈 인기 동요 | 상상력 풍부해지는 창작동요 | 어린이 애니메이션 | 퀘스터즈 Questerz,"Mar 19, 2026",55,0:00:00
2025-12-20,Z6MD_k5hgiI,퀘스터즈 출발🎵 | 모험을 떠나자! | 키즈 인기 동요 | 상상력 풍부해지는 창작동요 | 어린이 애니메이션 | 퀘스터즈 Questerz,"Mar 19, 2026",55,0:00:00
2025-12-21,Z6MD_k5hgiI,퀘스터즈 출발🎵 | 모험을 떠나자! | 키즈 인기 동요 | 상상력 풍부해지는 창작동요 | 어린이 애니메이션 | 퀘스터즈 Questerz,"Mar 19, 2026",55,0:00:00
2025-12-22,Z6MD_k5hgiI,퀘스터즈 출발🎵 | 모험을 떠나자! | 키즈 인기 동요 | 상상력 풍부해지는 창작동요 | 어린이 애니메이션 | 퀘스터즈 Questerz,"Mar 19, 2026",55,0:00:00
2025-12-23,Z6MD_k5hgiI,퀘스터즈 출발🎵 | 모험을 떠나자! | 키즈 인기 동요 | 상상력 풍부해지는 창작동요 | 어린이 애니메이션 | 퀘스터즈 Questerz,"Mar 19, 2026",55,0:00:00
2025-12-24,Z6MD_k5hgiI,퀘스터즈 출발🎵 | 모험을 떠나자! | 키즈 인기 동요 | 상상력 풍부해지는 창작동요 | 어린이 애니메이션 | 퀘스터즈 Questerz,"Mar 19, 2026",55,0:00:00
2025-12-25,Z6MD_k5hgiI,퀘스터즈 출발🎵 | 모험을 떠나자! | 키즈 인기 동요 | 상상력 풍부해지는 창작동요 | 어린이 애니메이션 | 퀘스터즈 Questerz,"Mar 19, 2026",55,0:00:00
2025-12-26,Z6MD_k5hgiI,퀘스터즈 출발🎵 | 모험을 떠나자! | 키즈 인기 동요 | 상상력 풍부해지는 창작동요 | 어린이 애니메이션 | 퀘스터즈 Questerz,"Mar 19, 2026",55,0:00:00
2025-12-27,Z6MD_k5hgiI,퀘스터즈 출발🎵 | 모험을 떠나자! | 키즈 인기 동요 | 상상력 풍부해지는 창작동요 | 어린이 애니메이션 | 퀘스터즈 Questerz,"Mar 19, 2026",55,0:00:00
2025-12-28,Z6MD_k5hgiI,퀘스터즈 출발🎵 | 모험을 떠나자! | 키즈 인기 동요 | 상상력 풍부해지는 창작동요 | 어린이 애니메이션 | 퀘스터즈 Questerz,"Mar 19, 2026",55,0:00:00
2025-12-29,Z6MD_k5hgiI,퀘스터즈 출발🎵 | 모험을 떠나자! | 키즈 인기 동요 | 상상력 풍부해지는 창작동요 | 어린이 애니메이션 | 퀘스터즈 Questerz,"Mar 19, 2026",55,0:00:00
2025-12-30,Z6MD_k5hgiI,퀘스터즈 출발🎵 | 모험을 떠나자! | 키즈 인기 동요 | 상상력 풍부해지는 창작동요 | 어린이 애니메이션 | 퀘스터즈 Questerz,"Mar 19, 2026",55,0:00:00
2025-12-31,Z6MD_k5hgiI,퀘스터즈 출발🎵 | 모험을 떠나자! | 키즈 인기 동요 | 상상력 풍부해지는 창작동요 | 어린이 애니메이션 | 퀘스터즈 Questerz,"Mar 19, 2026",55,0:00:00
2026-01-01,Z6MD_k5hgiI,퀘스터즈 출발🎵 | 모험을 떠나자! | 키즈 인기 동요 | 상상력 풍부해지는 창작동요 | 어린이 애니메이션 | 퀘스터즈 Questerz,"Mar 19, 2026",55,0:00:00
2026-01-02,Z6MD_k5hgiI,퀘스터즈 출발🎵 | 모험을 떠나자! | 키즈 인기 동요 | 상상력 풍부해지는 창작동요 | 어린이 애니메이션 | 퀘스터즈 Questerz,"Mar 19, 2026",55,0:00:00
2026-01-03,Z6MD_k5hgiI,퀘스터즈 출발🎵 | 모험을 떠나자! | 키즈 인기 동요 | 상상력 풍부해지는 창작동요 | 어린이 애니메이션 | 퀘스터즈 Questerz,"Mar 19, 2026",55,0:00:00
2026-01-04,Z6MD_k5hgiI,퀘스터즈 출발🎵 | 모험을 떠나자! | 키즈 인기 동요 | 상상력 풍부해지는 창작동요 | 어린이 애니메이션 | 퀘스터즈 Questerz,"Mar 19, 2026",55,0:00:00
2026-01-05,Z6MD_k5hgiI,퀘스터즈 출발🎵 | 모험을 떠나자! | 키즈 인기 동요 | 상상력 풍부해지는 창작동요 | 어린이 애니메이션 | 퀘스터즈 Questerz,"Mar 19, 2026",55,0:00:00
2026-01-06,Z6MD_k5hgiI,퀘스터즈 출발🎵 | 모험을 떠나자! | 키즈 인기 동요 | 상상력 풍부해지는 창작동요 | 어린이 애니메이션 | 퀘스터즈 Questerz,"Mar 19, 2026",55,0:00:00
2026-01-07,Z6MD_k5hgiI,퀘스터즈 출발🎵 | 모험을 떠나자! | 키즈 인기 동요 | 상상력 풍부해지는 창작동요 | 어린이 애니메이션 | 퀘스터즈 Questerz,"Mar 19, 2026",55,0:00:00
2026-01-08,Z6MD_k5hgiI,퀘스터즈 출발🎵 | 모험을 떠나자! | 키즈 인기 동요 | 상상력 풍부해지는 창작동요 | 어린이 애니메이션 | 퀘스터즈 Questerz,"Mar 19, 2026",55,0:00:00
2026-01-09,Z6MD_k5hgiI,퀘스터즈 출발🎵 | 모험을 떠나자! | 키즈 인기 동요 | 상상력 풍부해지는 창작동요 | 어린이 애니메이션 | 퀘스터즈 Questerz,"Mar 19, 2026",55,0:00:00
2026-01-10,Z6MD_k5hgiI,퀘스터즈 출발🎵 | 모험을 떠나자! | 키즈 인기 동요 | 상상력 풍부해지는 창작동요 | 어린이 애니메이션 | 퀘스터즈 Questerz,"Mar 19, 2026",55,0:00:00
2026-01-11,Z6MD_k5hgiI,퀘스터즈 출발🎵 | 모험을 떠나자! | 키즈 인기 동요 | 상상력 풍부해지는 창작동요 | 어린이 애니메이션 | 퀘스터즈 Questerz,"Mar 19, 2026",55,0:00:00
2026-01-12,Z6MD_k5hgiI,퀘스터즈 출발🎵 | 모험을 떠나자! | 키즈 인기 동요 | 상상력 풍부해지는 창작동요 | 어린이 애니메이션 | 퀘스터즈 Questerz,"Mar 19, 2026",55,0:00:00
2026-01-13,Z6MD_k5hgiI,퀘스터즈 출발🎵 | 모험을 떠나자! | 키즈 인기 동요 | 상상력 풍부해지는 창작동요 | 어린이 애니메이션 | 퀘스터즈 Questerz,"Mar 19, 2026",55,0:00:00
2026-01-14,Z6MD_k5hgiI,퀘스터즈 출발🎵 | 모험을 떠나자! | 키즈 인기 동요 | 상상력 풍부해지는 창작동요 | 어린이 애니메이션 | 퀘스터즈 Questerz,"Mar 19, 2026",55,0:00:00
2026-01-15,Z6MD_k5hgiI,퀘스터즈 출발🎵 | 모험을 떠나자! | 키즈 인기 동요 | 상상력 풍부해지는 창작동요 | 어린이 애니메이션 | 퀘스터즈 Questerz,"Mar 19, 2026",55,0:00:00
2026-01-16,Z6MD_k5hgiI,퀘스터즈 출발🎵 | 모험을 떠나자! | 키즈 인기 동요 | 상상력 풍부해지는 창작동요 | 어린이 애니메이션 | 퀘스터즈 Questerz,"Mar 19, 2026",55,0:00:00
2026-01-17,Z6MD_k5hgiI,퀘스터즈 출발🎵 | 모험을 떠나자! | 키즈 인기 동요 | 상상력 풍부해지는 창작동요 | 어린이 애니메이션 | 퀘스터즈 Questerz,"Mar 19, 2026",55,0:00:00
2026-01-18,Z6MD_k5hgiI,퀘스터즈 출발🎵 | 모험을 떠나자! | 키즈 인기 동요 | 상상력 풍부해지는 창작동요 | 어린이 애니메이션 | 퀘스터즈 Questerz,"Mar 19, 2026",55,0:00:00
2026-01-19,Z6MD_k5hgiI,퀘스터즈 출발🎵 | 모험을 떠나자! | 키즈 인기 동요 | 상상력 풍부해지는 창작동요 | 어린이 애니메이션 | 퀘스터즈 Questerz,"Mar 19, 2026",55,0:00:00
2026-01-20,Z6MD_k5hgiI,퀘스터즈 출발🎵 | 모험을 떠나자! | 키즈 인기 동요 | 상상력 풍부해지는 창작동요 | 어린이 애니메이션 | 퀘스터즈 Questerz,"Mar 19, 2026",55,0:00:00
2026-01-21,Z6MD_k5hgiI,퀘스터즈 출발🎵 | 모험을 떠나자! | 키즈 인기 동요 | 상상력 풍부해지는 창작동요 | 어린이 애니메이션 | 퀘스터즈 Questerz,"Mar 19, 2026",55,0:00:00
2026-01-22,Z6MD_k5hgiI,퀘스터즈 출발🎵 | 모험을 떠나자! | 키즈 인기 동요 | 상상력 풍부해지는 창작동요 | 어린이 애니메이션 | 퀘스터즈 Questerz,"Mar 19, 2026",55,0:00:00
2026-01-23,Z6MD_k5hgiI,퀘스터즈 출발🎵 | 모험을 떠나자! | 키즈 인기 동요 | 상상력 풍부해지는 창작동요 | 어린이 애니메이션 | 퀘스터즈 Questerz,"Mar 19, 2026",55,0:00:00
2026-01-24,Z6MD_k5hgiI,퀘스터즈 출발🎵 | 모험을 떠나자! | 키즈 인기 동요 | 상상력 풍부해지는 창작동요 | 어린이 애니메이션 | 퀘스터즈 Questerz,"Mar 19, 2026",55,0:00:00
2026-01-25,Z6MD_k5hgiI,퀘스터즈 출발🎵 | 모험을 떠나자! | 키즈 인기 동요 | 상상력 풍부해지는 창작동요 | 어린이 애니메이션 | 퀘스터즈 Questerz,"Mar 19, 2026",55,0:00:00
2026-01-26,Z6MD_k5hgiI,퀘스터즈 출발🎵 | 모험을 떠나자! | 키즈 인기 동요 | 상상력 풍부해지는 창작동요 | 어린이 애니메이션 | 퀘스터즈 Questerz,"Mar 19, 2026",55,0:00:00
2026-01-27,Z6MD_k5hgiI,퀘스터즈 출발🎵 | 모험을 떠나자! | 키즈 인기 동요 | 상상력 풍부해지는 창작동요 | 어린이 애니메이션 | 퀘스터즈 Questerz,"Mar 19, 2026",55,0:00:00
2026-01-28,Z6MD_k5hgiI,퀘스터즈 출발🎵 | 모험을 떠나자! | 키즈 인기 동요 | 상상력 풍부해지는 창작동요 | 어린이 애니메이션 | 퀘스터즈 Questerz,"Mar 19, 2026",55,0:00:00
2026-01-29,Z6MD_k5hgiI,퀘스터즈 출발🎵 | 모험을 떠나자! | 키즈 인기 동요 | 상상력 풍부해지는 창작동요 | 어린이 애니메이션 | 퀘스터즈 Questerz,"Mar 19, 2026",55,0:00:00
2026-01-30,Z6MD_k5hgiI,퀘스터즈 출발🎵 | 모험을 떠나자! | 키즈 인기 동요 | 상상력 풍부해지는 창작동요 | 어린이 애니메이션 | 퀘스터즈 Questerz,"Mar 19, 2026",55,0:00:00
2026-01-31,Z6MD_k5hgiI,퀘스터즈 출발🎵 | 모험을 떠나자! | 키즈 인기 동요 | 상상력 풍부해지는 창작동요 | 어린이 애니메이션 | 퀘스터즈 Questerz,"Mar 19, 2026",55,0:00:00
2026-02-01,Z6MD_k5hgiI,퀘스터즈 출발🎵 | 모험을 떠나자! | 키즈 인기 동요 | 상상력 풍부해지는 창작동요 | 어린이 애니메이션 | 퀘스터즈 Questerz,"Mar 19, 2026",55,0:00:00
2026-02-02,Z6MD_k5hgiI,퀘스터즈 출발🎵 | 모험을 떠나자! | 키즈 인기 동요 | 상상력 풍부해지는 창작동요 | 어린이 애니메이션 | 퀘스터즈 Questerz,"Mar 19, 2026",55,0:00:00
2026-02-03,Z6MD_k5hgiI,퀘스터즈 출발🎵 | 모험을 떠나자! | 키즈 인기 동요 | 상상력 풍부해지는 창작동요 | 어린이 애니메이션 | 퀘스터즈 Questerz,"Mar 19, 2026",55,0:00:00
2026-02-04,Z6MD_k5hgiI,퀘스터즈 출발🎵 | 모험을 떠나자! | 키즈 인기 동요 | 상상력 풍부해지는 창작동요 | 어린이 애니메이션 | 퀘스터즈 Questerz,"Mar 19, 2026",55,0:00:00
2026-02-05,Z6MD_k5hgiI,퀘스터즈 출발🎵 | 모험을 떠나자! | 키즈 인기 동요 | 상상력 풍부해지는 창작동요 | 어린이 애니메이션 | 퀘스터즈 Questerz,"Mar 19, 2026",55,0:00:00
2026-02-06,Z6MD_k5hgiI,퀘스터즈 출발🎵 | 모험을 떠나자! | 키즈 인기 동요 | 상상력 풍부해지는 창작동요 | 어린이 애니메이션 | 퀘스터즈 Questerz,"Mar 19, 2026",55,0:00:00
2026-02-07,Z6MD_k5hgiI,퀘스터즈 출발🎵 | 모험을 떠나자! | 키즈 인기 동요 | 상상력 풍부해지는 창작동요 | 어린이 애니메이션 | 퀘스터즈 Questerz,"Mar 19, 2026",55,0:00:00
2026-02-08,Z6MD_k5hgiI,퀘스터즈 출발🎵 | 모험을 떠나자! | 키즈 인기 동요 | 상상력 풍부해지는 창작동요 | 어린이 애니메이션 | 퀘스터즈 Questerz,"Mar 19, 2026",55,0:00:00
2026-02-09,Z6MD_k5hgiI,퀘스터즈 출발🎵 | 모험을 떠나자! | 키즈 인기 동요 | 상상력 풍부해지는 창작동요 | 어린이 애니메이션 | 퀘스터즈 Questerz,"Mar 19, 2026",55,0:00:00
2026-02-10,Z6MD_k5hgiI,퀘스터즈 출발🎵 | 모험을 떠나자! | 키즈 인기 동요 | 상상력 풍부해지는 창작동요 | 어린이 애니메이션 | 퀘스터즈 Questerz,"Mar 19, 2026",55,0:00:00
2026-02-11,Z6MD_k5hgiI,퀘스터즈 출발🎵 | 모험을 떠나자! | 키즈 인기 동요 | 상상력 풍부해지는 창작동요 | 어린이 애니메이션 | 퀘스터즈 Questerz,"Mar 19, 2026",55,0:00:00
2026-02-12,Z6MD_k5hgiI,퀘스터즈 출발🎵 | 모험을 떠나자! | 키즈 인기 동요 | 상상력 풍부해지는 창작동요 | 어린이 애니메이션 | 퀘스터즈 Questerz,"Mar 19, 2026",55,0:00:00
2026-02-13,Z6MD_k5hgiI,퀘스터즈 출발🎵 | 모험을 떠나자! | 키즈 인기 동요 | 상상력 풍부해지는 창작동요 | 어린이 애니메이션 | 퀘스터즈 Questerz,"Mar 19, 2026",55,0:00:00
2026-02-14,Z6MD_k5hgiI,퀘스터즈 출발🎵 | 모험을 떠나자! | 키즈 인기 동요 | 상상력 풍부해지는 창작동요 | 어린이 애니메이션 | 퀘스터즈 Questerz,"Mar 19, 2026",55,0:00:00
2026-02-15,Z6MD_k5hgiI,퀘스터즈 출발🎵 | 모험을 떠나자! | 키즈 인기 동요 | 상상력 풍부해지는 창작동요 | 어린이 애니메이션 | 퀘스터즈 Questerz,"Mar 19, 2026",55,0:00:00
2026-02-16,Z6MD_k5hgiI,퀘스터즈 출발🎵 | 모험을 떠나자! | 키즈 인기 동요 | 상상력 풍부해지는 창작동요 | 어린이 애니메이션 | 퀘스터즈 Questerz,"Mar 19, 2026",55,0:00:00
2026-02-17,Z6MD_k5hgiI,퀘스터즈 출발🎵 | 모험을 떠나자! | 키즈 인기 동요 | 상상력 풍부해지는 창작동요 | 어린이 애니메이션 | 퀘스터즈 Questerz,"Mar 19, 2026",55,0:00:00
2026-02-18,Z6MD_k5hgiI,퀘스터즈 출발🎵 | 모험을 떠나자! | 키즈 인기 동요 | 상상력 풍부해지는 창작동요 | 어린이 애니메이션 | 퀘스터즈 Questerz,"Mar 19, 2026",55,0:00:00
2026-02-19,Z6MD_k5hgiI,퀘스터즈 출발🎵 | 모험을 떠나자! | 키즈 인기 동요 | 상상력 풍부해지는 창작동요 | 어린이 애니메이션 | 퀘스터즈 Questerz,"Mar 19, 2026",55,0:00:00
2026-02-20,Z6MD_k5hgiI,퀘스터즈 출발🎵 | 모험을 떠나자! | 키즈 인기 동요 | 상상력 풍부해지는 창작동요 | 어린이 애니메이션 | 퀘스터즈 Questerz,"Mar 19, 2026",55,0:00:00
2026-02-21,Z6MD_k5hgiI,퀘스터즈 출발🎵 | 모험을 떠나자! | 키즈 인기 동요 | 상상력 풍부해지는 창작동요 | 어린이 애니메이션 | 퀘스터즈 Questerz,"Mar 19, 2026",55,0:00:00
2026-02-22,Z6MD_k5hgiI,퀘스터즈 출발🎵 | 모험을 떠나자! | 키즈 인기 동요 | 상상력 풍부해지는 창작동요 | 어린이 애니메이션 | 퀘스터즈 Questerz,"Mar 19, 2026",55,0:00:00
2026-02-23,Z6MD_k5hgiI,퀘스터즈 출발🎵 | 모험을 떠나자! | 키즈 인기 동요 | 상상력 풍부해지는 창작동요 | 어린이 애니메이션 | 퀘스터즈 Questerz,"Mar 19, 2026",55,0:00:00
2026-02-24,Z6MD_k5hgiI,퀘스터즈 출발🎵 | 모험을 떠나자! | 키즈 인기 동요 | 상상력 풍부해지는 창작동요 | 어린이 애니메이션 | 퀘스터즈 Questerz,"Mar 19, 2026",55,0:00:00
2026-02-25,Z6MD_k5hgiI,퀘스터즈 출발🎵 | 모험을 떠나자! | 키즈 인기 동요 | 상상력 풍부해지는 창작동요 | 어린이 애니메이션 | 퀘스터즈 Questerz,"Mar 19, 2026",55,0:00:00
2026-02-26,Z6MD_k5hgiI,퀘스터즈 출발🎵 | 모험을 떠나자! | 키즈 인기 동요 | 상상력 풍부해지는 창작동요 | 어린이 애니메이션 | 퀘스터즈 Questerz,"Mar 19, 2026",55,0:00:00
2026-02-27,Z6MD_k5hgiI,퀘스터즈 출발🎵 | 모험을 떠나자! | 키즈 인기 동요 | 상상력 풍부해지는 창작동요 | 어린이 애니메이션 | 퀘스터즈 Questerz,"Mar 19, 2026",55,0:00:00
2026-02-28,Z6MD_k5hgiI,퀘스터즈 출발🎵 | 모험을 떠나자! | 키즈 인기 동요 | 상상력 풍부해지는 창작동요 | 어린이 애니메이션 | 퀘스터즈 Questerz,"Mar 19, 2026",55,0:00:00
2026-03-01,Z6MD_k5hgiI,퀘스터즈 출발🎵 | 모험을 떠나자! | 키즈 인기 동요 | 상상력 풍부해지는 창작동요 | 어린이 애니메이션 | 퀘스터즈 Questerz,"Mar 19, 2026",55,0:00:00
2026-03-02,Z6MD_k5hgiI,퀘스터즈 출발🎵 | 모험을 떠나자! | 키즈 인기 동요 | 상상력 풍부해지는 창작동요 | 어린이 애니메이션 | 퀘스터즈 Questerz,"Mar 19, 2026",55,0:00:00
2026-03-03,Z6MD_k5hgiI,퀘스터즈 출발🎵 | 모험을 떠나자! | 키즈 인기 동요 | 상상력 풍부해지는 창작동요 | 어린이 애니메이션 | 퀘스터즈 Questerz,"Mar 19, 2026",55,0:00:00
2026-03-04,Z6MD_k5hgiI,퀘스터즈 출발🎵 | 모험을 떠나자! | 키즈 인기 동요 | 상상력 풍부해지는 창작동요 | 어린이 애니메이션 | 퀘스터즈 Questerz,"Mar 19, 2026",55,0:00:00
2026-03-05,Z6MD_k5hgiI,퀘스터즈 출발🎵 | 모험을 떠나자! | 키즈 인기 동요 | 상상력 풍부해지는 창작동요 | 어린이 애니메이션 | 퀘스터즈 Questerz,"Mar 19, 2026",55,0:00:00
2026-03-06,Z6MD_k5hgiI,퀘스터즈 출발🎵 | 모험을 떠나자! | 키즈 인기 동요 | 상상력 풍부해지는 창작동요 | 어린이 애니메이션 | 퀘스터즈 Questerz,"Mar 19, 2026",55,0:00:00
2026-03-07,Z6MD_k5hgiI,퀘스터즈 출발🎵 | 모험을 떠나자! | 키즈 인기 동요 | 상상력 풍부해지는 창작동요 | 어린이 애니메이션 | 퀘스터즈 Questerz,"Mar 19, 2026",55,0:00:00
2026-03-08,Z6MD_k5hgiI,퀘스터즈 출발🎵 | 모험을 떠나자! | 키즈 인기 동요 | 상상력 풍부해지는 창작동요 | 어린이 애니메이션 | 퀘스터즈 Questerz,"Mar 19, 2026",55,0:00:00
2026-03-09,Z6MD_k5hgiI,퀘스터즈 출발🎵 | 모험을 떠나자! | 키즈 인기 동요 | 상상력 풍부해지는 창작동요 | 어린이 애니메이션 | 퀘스터즈 Questerz,"Mar 19, 2026",55,0:00:00
2026-03-10,Z6MD_k5hgiI,퀘스터즈 출발🎵 | 모험을 떠나자! | 키즈 인기 동요 | 상상력 풍부해지는 창작동요 | 어린이 애니메이션 | 퀘스터즈 Questerz,"Mar 19, 2026",55,0:00:00
2026-03-11,Z6MD_k5hgiI,퀘스터즈 출발🎵 | 모험을 떠나자! | 키즈 인기 동요 | 상상력 풍부해지는 창작동요 | 어린이 애니메이션 | 퀘스터즈 Questerz,"Mar 19, 2026",55,0:00:00
2026-03-12,Z6MD_k5hgiI,퀘스터즈 출발🎵 | 모험을 떠나자! | 키즈 인기 동요 | 상상력 풍부해지는 창작동요 | 어린이 애니메이션 | 퀘스터즈 Questerz,"Mar 19, 2026",55,0:00:00
2026-03-13,Z6MD_k5hgiI,퀘스터즈 출발🎵 | 모험을 떠나자! | 키즈 인기 동요 | 상상력 풍부해지는 창작동요 | 어린이 애니메이션 | 퀘스터즈 Questerz,"Mar 19, 2026",55,0:00:00
2026-03-14,Z6MD_k5hgiI,퀘스터즈 출발🎵 | 모험을 떠나자! | 키즈 인기 동요 | 상상력 풍부해지는 창작동요 | 어린이 애니메이션 | 퀘스터즈 Questerz,"Mar 19, 2026",55,0:00:00
2026-03-15,Z6MD_k5hgiI,퀘스터즈 출발🎵 | 모험을 떠나자! | 키즈 인기 동요 | 상상력 풍부해지는 창작동요 | 어린이 애니메이션 | 퀘스터즈 Questerz,"Mar 19, 2026",55,0:00:00
2026-03-16,Z6MD_k5hgiI,퀘스터즈 출발🎵 | 모험을 떠나자! | 키즈 인기 동요 | 상상력 풍부해지는 창작동요 | 어린이 애니메이션 | 퀘스터즈 Questerz,"Mar 19, 2026",55,0:00:00
2026-03-17,Z6MD_k5hgiI,퀘스터즈 출발🎵 | 모험을 떠나자! | 키즈 인기 동요 | 상상력 풍부해지는 창작동요 | 어린이 애니메이션 | 퀘스터즈 Questerz,"Mar 19, 2026",55,0:00:00
2026-03-18,Z6MD_k5hgiI,퀘스터즈 출발🎵 | 모험을 떠나자! | 키즈 인기 동요 | 상상력 풍부해지는 창작동요 | 어린이 애니메이션 | 퀘스터즈 Questerz,"Mar 19, 2026",55,0:00:00
2026-03-19,Z6MD_k5hgiI,퀘스터즈 출발🎵 | 모험을 떠나자! | 키즈 인기 동요 | 상상력 풍부해지는 창작동요 | 어린이 애니메이션 | 퀘스터즈 Questerz,"Mar 19, 2026",55,0:00:14
2026-03-20,Z6MD_k5hgiI,퀘스터즈 출발🎵 | 모험을 떠나자! | 키즈 인기 동요 | 상상력 풍부해지는 창작동요 | 어린이 애니메이션 | 퀘스터즈 Questerz,"Mar 19, 2026",55,0:00:00
2026-03-21,Z6MD_k5hgiI,퀘스터즈 출발🎵 | 모험을 떠나자! | 키즈 인기 동요 | 상상력 풍부해지는 창작동요 | 어린이 애니메이션 | 퀘스터즈 Questerz,"Mar 19, 2026",55,0:00:00
2026-03-22,Z6MD_k5hgiI,퀘스터즈 출발🎵 | 모험을 떠나자! | 키즈 인기 동요 | 상상력 풍부해지는 창작동요 | 어린이 애니메이션 | 퀘스터즈 Questerz,"Mar 19, 2026",55,0:00:00
2026-03-23,Z6MD_k5hgiI,퀘스터즈 출발🎵 | 모험을 떠나자! | 키즈 인기 동요 | 상상력 풍부해지는 창작동요 | 어린이 애니메이션 | 퀘스터즈 Questerz,"Mar 19, 2026",55,0:00:00
2026-03-24,Z6MD_k5hgiI,퀘스터즈 출발🎵 | 모험을 떠나자! | 키즈 인기 동요 | 상상력 풍부해지는 창작동요 | 어린이 애니메이션 | 퀘스터즈 Questerz,"Mar 19, 2026",55,0:00:00
2026-03-25,Z6MD_k5hgiI,퀘스터즈 출발🎵 | 모험을 떠나자! | 키즈 인기 동요 | 상상력 풍부해지는 창작동요 | 어린이 애니메이션 | 퀘스터즈 Questerz,"Mar 19, 2026",55,0:00:00
2026-03-26,Z6MD_k5hgiI,퀘스터즈 출발🎵 | 모험을 떠나자! | 키즈 인기 동요 | 상상력 풍부해지는 창작동요 | 어린이 애니메이션 | 퀘스터즈 Questerz,"Mar 19, 2026",55,0:00:22
2026-03-27,Z6MD_k5hgiI,퀘스터즈 출발🎵 | 모험을 떠나자! | 키즈 인기 동요 | 상상력 풍부해지는 창작동요 | 어린이 애니메이션 | 퀘스터즈 Questerz,"Mar 19, 2026",55,0:00:00
2026-03-28,Z6MD_k5hgiI,퀘스터즈 출발🎵 | 모험을 떠나자! | 키즈 인기 동요 | 상상력 풍부해지는 창작동요 | 어린이 애니메이션 | 퀘스터즈 Questerz,"Mar 19, 2026",55,0:00:27
2026-03-29,Z6MD_k5hgiI,퀘스터즈 출발🎵 | 모험을 떠나자! | 키즈 인기 동요 | 상상력 풍부해지는 창작동요 | 어린이 애니메이션 | 퀘스터즈 Questerz,"Mar 19, 2026",55,0:00:05
2026-03-30,Z6MD_k5hgiI,퀘스터즈 출발🎵 | 모험을 떠나자! | 키즈 인기 동요 | 상상력 풍부해지는 창작동요 | 어린이 애니메이션 | 퀘스터즈 Questerz,"Mar 19, 2026",55,0:00:00
